Keyword,Publication Count
biopolymer,33
nanocellulose,21
sustainable packaging,19
bioaerogel,19
biopolymers,18
fermentation,18
sustainability,17
biodiesel,16
cellulose,15
renewable energy,15
sustainable materials,15
biocomposites,14
spent coffee grounds,13
probiotics,13
adsorption,12
microalgae,12
mechanical properties,12
polymer composites,11
nanocomposites,11
bioremediation,11
cellulose nanofiber,11
biomaterials,11
sago starch,10
biofiller,10
encapsulation,10
lactic acid bacteria,10
chitosan,10
climate change,10
physicochemical properties,10
machine learning,10
biocomposite,10
biofilm,10
antimicrobial,9
optimization,9
waste valorization,9
circular economy,9
deep learning,9
antioxidant activity,9
sustainable development,9
essential oil,9
microplastics,9
aerogel,9
activated carbon,9
antioxidant,8
transesterification,8
biomass,8
hydrogel,8
antibacterial,8
biochar,8
livelihood strategies,8
bacillus subtilis,8
glutaric acid,8
biofuel,8
shelf life,7
compatibility,7
polyhydroxybutyrate,7
response surface methodology,7
agriculture,7
lignocellulosic biomass,7
reinforcement,7
extraction,7
probiotic,7
3d printing,7
purification,6
sodium alginate,6
celastrol,6
biomass conversion,6
circular bioeconomy,6
azelaic acid,6
oil palm empty fruit bunch,6
food security,6
fatty acid,6
succinic acid,6
carbonization,6
plastic waste,6
wastewater,6
inflammation,6
semi-refined carrageenan,6
hydrophobicity,6
microfiller,6
carboxymethyl cellulose,6
palm kernel shell,6
natural fibre,6
flammability,6
dma,6
green materials,6
waste management,6
polymer blend,6
biosynthesis of polymers,6
drug delivery,6
high-hydrostatic pressure,5
small-scale fisheries,5
lentil proteins,5
biological treatment,5
streptococcus mutans,5
enterocin cc2,5
oil palm trunk,5
fruit peel,5
thermal insulation,5
nutrient removal,5
digestibility,5
food safety,5
green technology,5
nanoemulsion,5
supercritical co2,5
ultrasonication,5
wastewater treatment,5
sustainable agriculture,5
cytotoxicity,5
indoor air quality,5
tropical fruit,5
thermal,5
natural waste fiber,5
marine,5
cellulose derivatives,5
oil palm,5
macroalgae,5
ulva lactuca,5
agriculture waste,5
lactiplantibacillus plantarum,5
yield prediction,5
bioadsorbent,5
eco-friendly,5
production,5
polymers,5
thermal properties,5
applications,5
durian,5
morphology,5
melamine,4
enzymatic hydrolysis,4
water treatment,4
sorbic acid,4
palm kernel shells,4
waste to energy,4
soda pulping,4
surface modification,4
autohydrolysis,4
diabetic nephropathy,4
thermal stability,4
molecular docking,4
sustainable coastal management,4
oil palm biomass,4
resilience,4
hybrid,4
gut microbiota,4
stress,4
green material,4
soxhlet extraction,4
seaweed,4
chra,4
antibacterial activity,4
resins,4
thermosets,4
aerogels,4
pectinase,4
modulus,4
chicken manure,4
skin care,4
kenaf,4
algae,4
biopolymers and renewable polymers,4
sugar palm fiber,4
analysis,4
degradation,4
fire resistance,4
anhydride modification,4
coastal fisheries,4
bioplastics,4
health care,4
antimicrobial resistance (amr),4
coastal reclamation,4
inhibitor tolerance,4
bast fiber nonwoven,4
chemical modification,4
papaya juice,4
fed-batch fermentation,4
iaq,4
texture,4
livelihood assets,4
in-vitro digestibility,4
woven bamboo fibre,4
woven carbon fibre,4
freeze–thaw,4
palm oil empty fruit bunch,4
photocatalysis,4
water resistant,4
environmental application,4
burkholderia ambifaria strain e5-3,4
children,4
environment,4
packaging,4
kinetics & thermodynamics,4
anaerobic digestion,4
chemical risk,4
bioceramic,4
chemical health risk assessment,4
pyrolysis,4
hybrid composites,4
environmental sustainability,4
food preservation,4
microencapsulation,4
spent coffee ground,4
coastal development,4
sustainable livelihoods,4
methylene blue,3
supercritical treatment,3
toxicity,3
spent coffee,3
motion planning,3
lignin nanoparticles,3
milk fortification,3
functional food,3
type ii methanotrophs,3
antimicrobial innovation,3
nutrient,3
dental caries,3
energy efficiency,3
cleaner approach,3
microemulsion formulation,3
simple two-step enrichment,3
oil palm sap,3
ultrasonic-assisted extraction,3
biogas valorization,3
isolation,3
essential oil encapsulation,3
lignin,3
sustainable health,3
cellulose nanofibers,3
3d x-ray imaging,3
bioethanol,3
dissolving pulp,3
non-wood biomass,3
feedstock,3
polymeric material,3
oil palm leaf,3
moisture absorption,3
desiccant paper,3
dehumidification,3
principal component analysis,3
poisoning,3
bacteriocin-like inhibitory substance,3
inhibitory activity,3
water absorption,3
human papillomavirus,3
ionic liquid-based aqueous two-phase system,3
oral pathogen,3
intelligent packaging,3
kinetics and thermodynamics,3
char,3
aquaculture,3
characterization,3
ecological risk,3
emulsification,3
malaysia national poison center,3
water resource aquatic toxicology,3
trehalose,3
recycling waste,3
waste,3
rheological properties,3
coffee waste,3
parameterization,3
particles size,3
workplace safety and health,3
work-related musculoskeletal disorder,3
carbon sequestration,3
wrf model,3
household chemical products,3
active packaging,3
bias correction,3
dewatered sludge,3
nanofibers,3
plant-based milk,3
emulsion,3
oxidation,3
bioproduct,3
rubber wood sawdust,3
composite materials,3
energy consumption,3
microbiology,3
poison reagent,3
river,3
sampling,3
bio-composite,3
safe clean water source,3
microbial fuel cells,3
mangrove marine pollution,3
pleurotus ostreatus,3
circularity,3
mycelium,3
adult learners,3
teaching professionals,3
phenolic compound,3
climate,3
climate variability,3
bioeconomy,3
aquatic organisms,3
enzymatic,3
artificial intelligence,3
occupational ergonomics,3
durian peel waste,3
green extraction,3
rambutan leaf extract,3
biocompatible,3
refrigerated beef,3
microparticle,3
thermal conductivity,3
saccharomyces cerevisiae,3
starch,3
solubility,3
lignin properties,3
superheated steam,3
structural integrity weakening,3
sustainable,3
landfill leachate,3
functionalization,3
silica nanoparticle,3
solid waste,3
biodegradable packaging,3
food waste,3
phbv biocomposites,3
kombucha,3
ceramic coating,3
pumping well yield,3
in-situ pumping test,3
cosmetic applications,3
green products,3
humic acid,3
growth,3
sanitizing,3
recycling,3
textural,3
particulate matter,3
palm oil mill effluent,3
algae cultivation,3
complexation,3
optimisation,3
algae biomass,3
bio-binder,3
patchouli,3
biodiesel feedstock,3
emerging pollutants,3
heavy metals,3
extracted residue,3
β-glucan,3
lipid productivity,3
thermoplastic elastomer,3
natural fibers,3
photocatalyst,3
meat detachments,3
aquifer stability and characteristics,3
adsorbent,3
microbial plastic degradation,3
conjugation,3
goat manure,3
saccharum officinarum l,3
zea mays l,3
ammonia reduction,3
anova,3
central composite design (ccd),3
shucking,3
lignin utilization,3
liquid phase,3
membrane bioreactor,3
muscle release,3
stability,3
ethanol,3
advanced oxidation process,3
anticancer,3
biobutanol,3
lignocellulose,3
synergism,3
triethoxymethylsilane,3
crude glycerol,3
bio-coated fertiliser,3
response surface methodology (rsm),3
pathogenic bacteria,3
prebiotic,3
environmental impact assessment,3
additives,3
groundwater sustainability,3
lignin extraction,3
patchouli waste fiber,3
water-energy nexus,3
raw seaweed,3
bionanocomposites,3
phbv,3
technical lignin,3
hydrochemical characterization,3
agricultural water management,3
bioprocess,3
biocompatibility,3
broiler chickens,3
feed conversion ratio,3
fermented foods,3
tropical oysters,3
heterotrophic microbes,3
meat quality,3
dumpsites,2
food packaging,2
nanotechnology,2
stacking sequence,2
waste generation,2
heavy metals contamination,2
ul-94,2
spray drying,2
whey protein isolate,2
knowledge-attitude-practice (kap) model,2
non-governmental organisation (ngo),2
stiffness,2
shelf-life extension,2
beris lalang,2
immunological disorders,2
strait of malacca,2
anthropogenic activities,2
natural antioxidant,2
oxidative stability,2
edible coating,2
plastic,2
public awareness,2
film,2
epoxy,2
enrichment,2
persian gum,2
flavonoids,2
sensory properties,2
meat,2
chlorella vulgaris cultivation,2
freshwater,2
amino acid,2
curdlan,2
bioactive ingredient,2
functional compounds,2
theobroma cocoa l,2
cocoa rind,2
bioenergy,2
separation,2
biomass lipid,2
photobioreactor,2
polymer,2
natural deep eutectic solvents,2
blue carbon,2
china,2
industrial waste management,2
renewable resources,2
zein,2
tocotrienol,2
pullulan,2
emulsion electrospinning,2
pharmaceutical applications,2
citric acid,2
electrochemical performance,2
baseline,2
environmental health,2
theoretical calculation,2
pyridoxal 5′-phosphate,2
catalytic decarboxylation reaction,2
physical,2
immunomodulation,2
canned dodol,2
kappaphycus alvarezii,2
quality attributes,2
bioflavonoid,2
salmon,2
treatment,2
membrane,2
energy,2
hplc,2
protein structure,2
bibliometrics,2
microbial fuel cell (mfc),2
phytochemicals,2
cooking qualities,2
guar gum,2
microcapsule,2
microstructure,2
salt-coated yellow alkaline noodles,2
sodium distribution,2
water solubility,2
yeast fermentation,2
wound healing properties,2
synergy,2
fermented rice noodles,2
sensoryu evaluation,2
noodles,2
flour,2
willingness to consume,2
migratory locust,2
moisture,2
rates of attachment,2
microcrystalline cellulose,2
polyester,2
whey proteins,2
virgin palm oil,2
thermodynamic modelling,2
scco2 extraction,2
oil palm fruits,2
kinetic study,2
water activity,2
syneresis,2
water kefir grains,2
pineapple jam,2
primer coating,2
adhesion,2
barrier performance,2
scenedesmussp,2
phycoremediation agent,2
leachate treatment,2
heavy metal removal,2
batch and continuous modes,2
riverbank filtration (rbf),2
health benefit,2
rates of detachment,2
drinking water,2
blended bioplastic,2
radiata pine pulp,2
oil pam empty fruit bunch pulp,2
autoclave fibre cement composite,2
molasses,2
free radical,2
β-tcp scaffold,2
nutraceutical,2
pumpkin–carrot matrix,2
rambutan extract,2
air filtration,2
tetraselmis suecica,2
metagenomic analysis,2
fruit drink,2
clean fermentation,2
metabolome,2
interactions,2
microbial identification,2
symbiosis,2
diabetes,2
low-grade chronic inflammation,2
stress resistance,2
aspergillus flavus,2
aspergillus niger,2
chilli,2
essential oils,2
lactobacillus,2
obesity,2
therapeutic potential,2
soil remediation,2
bioactivities,2
seaweed biomass,2
lactic acid,2
nutrient supplementation,2
silver nanoparticles,2
physical treatment,2
plant phytic acid,2
mechanical,2
hyperglycemia,2
dicalcium phosphate dihydrate,2
physicochemical evaluations,2
insulation,2
food innovation,2
biodegradability,2
fat substitution,2
barrier properties,2
bio-nanocomposites,2
biopolymer aerogels,2
kopsia teoi,2
biopolymer composites,2
carbohydrate valorization,2
cellulase,2
stringiness,2
chemometrics,2
imitation cheese,2
additive manufacturing,2
chlamydomonas reinhardtii,2
seaweed films,2
oil absorption,2
coumarin,2
extracted lignin,2
adulteration,2
stretchability,2
extensibility,2
adipokines,2
kappa-carrageenan,2
rice husk silica nanoparticles,2
oxidative stress,2
human renal tubular epithelial cells,2
antibiotics,2
facebook prophet,2
time-series analysis,2
food items,2
trophic level,2
bone remodelling,2
anti-inflammatory,2
biopolymer nanocomposites,2
mobile robot,2
thermal insulator,2
microwave assessed,2
phosphoric acid,2
activation time,2
waste frying oil,2
third oil generation,2
azolla filiculoides,2
multiple linear regression,2
hybrid fillers,2
biodegradable materials,2
agro-food organic residues,2
rainfall prediction model,2
environmental footprint,2
green chemicals,2
differential drive,2
nanocomposite,2
reusability,2
graphene oxide,2
healthcare professionals,2
antimicrobial stewardship program (asp),2
neural prophet,2
arima,2
fibrosis,2
ndvi,2
secondary metabolites,2
catalyst,2
antimicrobial activity,2
cytochrome p450 (cyp61),2
tropical freshwater,2
stable isotope signatures,2
microbial consortium,2
immune cells,2
t-2 toxin degradation,2
aqueous two-phase system,2
shelf-life,2
smart farming,2
roles,2
natural polymer,2
short-chain fatty acids,2
coating,2
reactive dyes,2
phytochemical,2
langmuir equilibrium model,2
bioactive compound,2
adsorption efficiency,2
immune infiltration,2
mendelian randomization,2
metabolomics,2
deep neural network,2
landsat-7,2
modis,2
malaysian,2
freshwater ecosystem,2
insect phobia scale,2
cellulolytic ability,2
sugar palm fibre,2
hygroscopicity,2
pectin,2
papaya powder,2
scanning electron microscopy,2
interfacial adhesion,2
degree of substitution,2
surface-modified tapioca starches,2
safety,2
magnesium starch nanomaterial,2
lignocellulose biomass,2
vitamin d3,2
consortia,2
bacillus species,2
paddy production,2
synbiotics,2
microcapsules,2
environmental assessment,2
sodium carboxymethyl nanocellulose,2
acid hydrolysis,2
bacteriocins,2
alkaline treatment,2
environmental bioprocess,2
bioreactor,2
immobilized pectinase,2
alginate beads,2
wettability,2
isolation process,2
antioxidant activities,2
bonding,2
acetylation,2
tensile properties,2
carbon neutrality,2
watermelon rinds,2
carboxyl groups,2
ganoderma lucidum,2
seed germination,2
enzymatic analysis,2
benzene,2
physical properties,2
trimetallic nanoparticles,2
toluene,2
uv light,2
omi/aura,2
refinery oily sludge,2
hydrocarbon,2
phenol,2
zinc oxide,2
food waste digestate,2
quality,2
saccharification,2
fluoride,2
biofuels,2
arsenic,2
acetyl groups,2
starch modification,2
starch carrier,2
porous starch,2
sustainable energy technologies,2
cockle shell,2
rice starch,2
desiccant,2
biological indicators,2
lactobacillus plantarum,2
acetic acid,2
butyric acid,2
clostridium butyricum,2
metals,2
electricity generation,2
microbial fuel cell,2
mango,2
soy milk,2
food policy,2
ultra-violet curable resin,2
leachate,2
metal oxide nanoparticles,2
succinic anhydride,2
industrial revolution,2
nanofluid,2
anhydride ratio,2
itaconic anhydride,2
hybrid nanocomposites,2
diuron,2
microemulsion,2
food processing,2
algal immobilization,2
phytoremediation,2
paraquat,2
bacterial-cellulose,2
flavonoid,2
membraneless microbial fuel cell,2
mangrove coastal management,2
marble,2
water quality,2
salt-gelatinization,2
biodiesel-derived crude glycerol,2
patchouli lignin,2
ternary blend,2
sorption,2
biomass feedstock,2
oil spill,2
modification technique,2
rsm,2
sustainable fuel,2
bioaerogels,2
cacl2,2
controlled release,2
calcium chloride,2
biomonitoring,2
superheated steam drying,2
carboxymethylation reaction,2
metal oxide,2
banana peel,2
waste frying oil (wfo),2
bioresources,2
camelus dromedaries,2
canopy layer,2
solvent-free,2
tropical climate,2
monoglycerides,2
wind tunnel experiment,2
regenartive farming,2
tapioca powder,2
farmers,2
pullulanase,2
emerging contaminants,2
wastewater irrigation,2
nutrient delivery,2
water and food security,2
social rights,2
socio-economic factors,2
stakeholder engagement,2
watershed management,2
composite aerogels,2
soil carbon sequestration,2
sugar palm,2
pollution,2
thorium extraction methods,2
starch nanocrystal,2
biological hazard,2
microbiological quality,2
malaysia,2
starch nanoparticle,2
blood purification,2
spillway,2
eichhornia crassipes,2
scenedesmus parvus algae,2
sustainable utilization,2
groundwater,2
environmental challenges,2
nuf and wlp residue,2
natural coagulant,2
cellulose and other wood products,2
acceptable daily intake,2
water pollution,2
slow-release fertilizers,2
polyvinyl alcohol (pva),2
sodium bisulphite,2
human health,2
climate change impact,2
protein quality,2
refrigerated salmon,2
sodium bisulfite,2
clostridium,2
food neophobia scale,2
porose material,2
plastic pollution mitigation,2
hpv-positive women,2
marine algae,2
biodegradable,2
physical hazard,2
agro-wastes,2
bacterial cellulose,2
non-woven bast,2
hemicellulose,2
blend films,2
bamboo fiber,2
glucose yield,2
integrated crop-livestock,2
integrated weed management,2
oil-palm plantations,2
industrial effluent,2
regenerative farming,2
soil organic carbon,2
vaginal health,2
chemical composition,2
chemical hazard,2
methods,2
bioavailability,2
keratin,2
collagen,2
methane,2
fertilizer,2
lactoferrin,2
chemical mixture,2
materials chemistry,2
probiotic-derived antimicrobial,2
peg-based aqueous two-phase system,2
heavy metal,2
mechanisms of action,2
natural therapeutic agent,2
bacteriocin purification,2
oral health therapeutics,2
earthworm abundance,2
lettuce,2
natural resources,2
ecological services,2
glycerol,2
economic value,2
livestock integration strategies,2
oil palm management practices,2
thermochemical,2
occupational safety and health,2
soil quality rehabilitation,2
polyunsaturated fatty acids,2
magnesium,2
health benefits,2
green synthesis,2
hybrid composite,2
policies,2
photocatalytic degradation,2
limitations,2
vaginal microbiota,2
fungal,2
bacterial,2
respiratory tract infections,2
randomized controlled trial,2
oil and gas,2
environmental pollution,2
synthesis and processing techniques,2
toddlers,2
remediation technologie,2
willingness to participate,2
rare earth elements,2
uvi,2
biogas,2
advantages,2
active packaging film,2
uv-protection,2
characteristics,2
bacteriocin,2
materials science engineering,2
polyvinyl alcohol,2
bajakah tampala extract,2
wound healing,2
gel strength,1
tilapia,1
characterisation,1
rad50,1
gelatine,1
thermoplastic polyurethane,1
in-silico,1
hard capsule,1
molecular weight,1
ultrasound-assisted extraction,1
zhenghe white tea,1
corrosion,1
density functional theory,1
carbon black,1
polyethylene terephthalate,1
graphite,1
dna repair,1
conductive ink,1
human,1
industrial feasibility,1
danio rerio,1
functional properties,1
texture profile analysis (tpa),1
antimicrobial peptides,1
rehydration kinetics,1
baff,1
bio-composite materials,1
mechanism,1
flour composite,1
extrusion,1
oat processing advancements,1
rad50 gene,1
sustainable food processing,1
crayfish,1
kinetic model,1
quantity,1
salmonella,1
dna damage,1
acoustic absorption,1
self-healing,1
bibliometric analysis,1
suspension stability,1
april,1
native biopolymers,1
fish spoilage indicator,1
stabilizers,1
active film,1
nano-tio2,1
penganum harmala,1
biopolymer compatibility,1
capsules and beads,1
food coating,1
ph-responsive packaging,1
gelatin film,1
chemical evaluation,1
loquat (eriobotrya japonica),1
microbial evaluation,1
polysaccharide,1
chicken fillets,1
oat rice,1
eggplant anthocyanins,1
chitosan films,1
pomegranate flower extract,1
potato strips,1
oil palm empty fruit bunches (opefb),1
microcrystalline cellulose (mccs),1
chicken meat,1
gas chromatography,1
immersion coating,1
lipid oxidation,1
microbial spoilage,1
plant bioactive compounds,1
syzygium aromaticum,1
acrylamide,1
oil uptake,1
food spoilage indicator,1
tarragon,1
zataria multiflora boiss,1
pseudomonas aeruginosa,1
sodium metabisulfite,1
spirulina,1
jujube (ziziphus jujuba) extract,1
soy protein isolate,1
thermal processing,1
quick-cooking cereals,1
extraction optimization,1
glucono-delta-lactone (gdl),1
biotechnology,1
network pharmacology,1
oxidative,1
passiflora edulis,1
passion fruit,1
accelerated solvent extraction (ase),1
kratom,1
mitragynine,1
2-benzylidene-1-indanone derivatives,1
alternatives,1
hsp90ab1,1
plasma treatment,1
nitrogen plasma,1
upskilling,1
briquette,1
forest biomass,1
fuel,1
fuel-blending,1
logging residues,1
metabolite profiling,1
drying temperature,1
academic misconduct,1
aldol condensation reaction,1
para-carboxamidostilbene,1
anthocyanins,1
corrosion inhibitor,1
electrochemical,1
mild steel,1
osteoblast cells,1
low crystallinity,1
α-amylase inhibitor,1
adme properties,1
fiberglass,1
beads,1
ionic liquid,1
cellulose nanocrystal,1
hydrogel bead,1
oil palm frond,1
functionalized nanocellulose,1
tga,1
fiber orientation,1
pellet,1
nation building,1
sustainable engineering materials,1
xhr fesem,1
antimicrobial agents,1
national needs-to-skill alignment,1
e. alte,1
mrsa,1
crop resilience,1
nano-rhizosphere,1
pyrogenic minerals,1
silica,1
education systems,1
immunosuppression,1
heis,1
higher education institutions,1
gc-ms,1
receptors,1
atm protein,1
mrn complex,1
mechanical systems noise control,1
micro-perforated panel (mpp),1
traditional plants,1
immunostimulation,1
talent development,1
manufacturing conditions,1
plagiarism,1
alkaline peroxide,1
delamination,1
dioxydanyl radical,1
efb,1
nano-functional,1
commercialization,1
edible films,1
optimization strategies,1
sars-cov-2,1
talent,1
scale-up,1
reskilling,1
innovative education models,1
computational biology,1
n-feruloyltyramine,1
nsp1,1
piper sarmentosum roxb,1
oliveria decumbens,1
etching effect,1
biodegradable film,1
swelling capacity,1
composite,1
mechanical strength,1
controlled biodegradation,1
phenolic resins,1
resin moulding methods,1
resole,1
chemical interactions,1
retraction force,1
drug-likeness,1
surfactant,1
hydrophilicity,1
organic waste treatment,1
methyl orange degradation,1
calcination method,1
waste disposal sites,1
waste generated,1
biosolids,1
sewage sludge,1
nano-zno/tio2 photocatalyst,1
shrinkage,1
nanofiltration,1
techno-economic analysis,1
sodium acetate,1
sodium butyrate,1
wood preservation,1
aedes aegypti,1
aedes albopictus,1
attractive toxic sugar bait (atsb),1
banana,1
control region,1
ginger essential oil,1
interfacial tension,1
organic waste management,1
tourism products,1
visible light photocatalysis,1
polyhydroxybutyrate (phb),1
naoh/urea,1
regeneration,1
tempo-oxidation,1
bioresource-based products,1
hospital wastewater,1
pharmaceutical residue,1
life-cycle assessment,1
disulfiram,1
solid surfaces,1
toughness,1
mesenchymal stem cell derived exosomes,1
antifungal activity,1
mucoadhesive hydrogel,1
core-shell,1
electrospinning,1
magnetoelectric,1
injectable hydrogel,1
adhesives,1
naltrexone,1
sustained release,1
absorbable,1
guided bone regeneration (gbr),1
oral ulcers,1
guided tissue regeneration (gtr),1
nitrocompounds,1
healing,1
hydrogels,1
candidemia,1
sewage treatment plant,1
hormone,1
bioaccumulation,1
fe3+ doped nano-zno/tio2 composite,1
environmental pollutants,1
translocation,1
water reuse,1
municipal wastewater,1
pharmaceuticals,1
ganoderma neo-japonicum,1
pharmaceuticals (phacs),1
candida auris,1
boron oxide,1
germanium oxide,1
paddy,1
differential scanning calorimetry,1
volatile compounds,1
kneading technique,1
antimicrobial resistance,1
calcofluor white,1
rubberwood,1
mtdna,1
fish fillet,1
oxidation stability,1
signaling,1
cancer,1
green nanofibers,1
tensile strength,1
swelling behavior,1
steam distillation,1
frozen burger preservation,1
microbial load reduction,1
plant extract nanoemulsions,1
prognosis,1
protein-based coatings,1
food industry,1
homogenization,1
saffron,1
ultrasonic,1
alginate biopolymer,1
jujube fruit,1
persian gum (insoluble part),1
rho gtpases,1
expression,1
jujube alcohol extract,1
bismuth ferrite,1
ph-sensitive indicator,1
natural preservative,1
rosa damascene,1
plant-based polymers,1
facile approach,1
high-performance packaging,1
multifunctional properties,1
sustainable biofilms,1
photocatalytic performance,1
biosensors,1
membrane technologies,1
polyvinylidene fluoride,1
nano biomaterials,1
titanium dioxide,1
mutagenicity,1
toxic waste,1
activation,1
biomarker,1
bead,1
modified sodium alginate,1
odor pollution,1
population data,1
plant-based coagulant,1
waste biomass,1
water remediation,1
wetland plants,1
pollutants,1
food waste compost,1
drug pollution,1
net greenhouse gas emissions,1
kedayan,1
pharmacologically active compounds,1
pectin-based film,1
agricultural waste,1
bio-succinic acid,1
microbial bioconversion,1
zero waste,1
bioreactor and ammonia reduction,1
eco-friendly bio-spray,1
hazardous chemicals,1
banana wastes,1
phacs,1
octenyl succinic anhydride,1
mechanisms,1
active coating,1
potato,1
abaca fiber composite,1
flexural behavior,1
storage period,1
glass,1
anomaly detection,1
impurity segmentation,1
paraquat herbicide,1
river water,1
"2,4-d",1
contaminated water,1
mesoporous biochar,1
"2,4-dichlorophenoxyacetic acid",1
modified biochar,1
banana peels,1
green modification,1
hazards,1
heck coupling,1
phytocompound,1
docking,1
social support,1
risk factors,1
essential amino acids,1
health risk,1
childbearing,1
intervention,1
maternal health,1
postpartum depression,1
mental health,1
tissue engineering,1
prevalence,1
materials in biotechnology,1
compound,1
nutrients,1
"2,2,6,6-tetramethylpiperidine-1-oxyl radical",1
bioresource based products,1
cellulose solubility,1
crystallinity,1
dissolution,1
psychological distress,1
sacha inchi,1
medical,1
gut-brain-axis,1
properties,1
industrial applications,1
nanocellulose banana,1
natural fiber,1
circular economy principles,1
black soy sauce residue,1
nano,1
women,1
environmental chemical engineering,1
biological waste treatment,1
environmental engineering,1
palm oil mill effluents,1
bioresource based product,1
chemical properties,1
complementary medicine,1
hyperglycaemia,1
hyperlipidaemia,1
hypertension,1
hydroxyapatite,1
pharmaceutical manufacturing,1
dragon fruit root (dfr) fibers,1
bifidobacterium longum subsp. infantis ylgb-1496,1
biomass alteration,1
gut-vaginal axis,1
oral administration,1
potential treatment,1
bifidobacterium longum subsp. infantis b8762,1
gut health,1
pediatrics,1
respiratory illness,1
immunological effects,1
b. infantis,1
respiratory symptoms,1
hpv clearance,1
meta-regression analysis,1
reaction optimisation,1
nanocrystalline cellulose,1
technical efficiency,1
co-fermentation time,1
pretreatment optimization,1
gastrointestinal symptoms,1
probiotic properties,1
bioengineering,1
manufacturing,1
biomolecules,1
characterizations,1
materials structure,1
tissue regeneration,1
artificial,1
biomaterial,1
bone,1
calcium carbonate,1
biomedical applications,1
in vitro,1
immunity,1
data envelopment analysis,1
stochastic frontier analysis,1
correlation model,1
crystallinity index,1
instrumental analysis,1
bifidobacterium infantis ylgb-1496,1
cervical cancer cells,1
polylactic acid matrix,1
cocoa pod husk (cph) fibers,1
antihyperglycemia,1
dairy foods,1
re-bleaching,1
pollution control technology,1
nanomaterials,1
species-level genome bins,1
bacillusspp,1
staphylococcusspp,1
aging,1
constipation,1
dairy-based lactic acid bacteria (lab),1
cellulose microfibrils,1
annatto powder,1
pumpkin powder,1
nanostructure,1
sensory characteristics,1
steaming,1
realistic geometry model,1
wind profile distribution,1
menara razak and residensi tower,1
controlled-release fertilizer,1
agarwood,1
bio-based materials,1
thermal energy-efficient systems,1
β-variational autoencoder (β-vae),1
energy audit,1
energy conservation measures (ecm),1
eco-cities design and planning,1
energy-efficient lighting systems,1
energy-efficient systems,1
low carbon buildings,1
sustainable hvac,1
urban geography and urbanism,1
pla,1
building energy intensity (bei),1
biopolymer composite,1
nutrient use efficiency,1
three-dimensional-printing,1
water hyacinth,1
thermoplastic starch,1
kenaf fiber,1
oil palm nanocellulose,1
wind directions,1
energy application,1
by-products,1
industrial papermaking,1
predictive analytics,1
quantile regression,1
transboundary haze,1
chemical treatments,1
prolonged water immersion treatment,1
lemon peel fiber,1
sustainable development goals (sdgs),1
uncaria gambir extract,1
renewable pulping,1
organic pollutants,1
sustainable papermaking,1
impact resistance,1
kevlar,1
pineapple leaf fiber,1
roselle fiber,1
biopolymer film,1
cassava starch,1
κ-carrageenan,1
hybrid modelling techniques,1
geopolymer,1
environmental technology,1
tribological,1
micro bio-based materials,1
phytochemical compounds,1
bifidobacterium lactis probio-m8,1
gellan gum,1
toughness enhancement,1
composites,1
paederia foetida stem fibers,1
thermal analysis,1
edamame husk waste,1
thermosetting and thermoplastic,1
organic acids,1
anti-uv,1
indonesian bay leaf,1
pva blend-film,1
filler,1
red light absorption,1
lignocellulosic fibre,1
pineapple leaf,1
net energy ratio,1
pretreatment,1
saccharification and fermentation,1
hydrogen peroxide,1
anti-hyperglycaemia,1
calcium phosphate,1
bone remodeling,1
magnetic nanoparticles (mnps),1
sample preparation,1
solid phase extraction,1
management,1
gold,1
recovery,1
magnesium oxide,1
thiosulfate,1
yield,1
magnetic graphene oxide,1
contamination,1
resistivity,1
deflection,1
experimental modal analysis (ema),1
natural frequency,1
index of geo-accumulation,1
ethylene glycol,1
computational fluid dynamic (cfd),1
bio-asphalt,1
nanofluids,1
beef tallow,1
lipid extraction,1
scenedesmus parvus,1
ni/al-sba-15,1
ni/ga-sba-15,1
alternative material source,1
beta-carotene bio-oil,1
coatability,1
socioecological conflicts,1
baseline study,1
low-carbon material,1
indoor dust,1
laboratory,1
lead,1
jaffna peninsula,1
multidimensional vulnerabilities,1
reflexive thematic analysis,1
operational deflection shape (ods),1
pressure,1
alkali solvent,1
bis(arylidene)cycloalkanones,1
solid organic wastes,1
bio-oil,1
catalytic co-pyrolysis,1
antioxidant capacity,1
superhydrophobic,1
surface,1
wood,1
antidiabetic agents,1
α-amylase inhibitors,1
goose dung compost,1
cleome gynandra,1
natural product,1
pore size,1
porous β-tcp granules,1
calophyllum andersonii,1
calophyllum recurvatum,1
admet profiling,1
coumarins,1
peat addition,1
duck dung compost,1
velocity,1
mineral elements,1
method,1
eri,1
models,1
deep eutectic solvent,1
industrial solid waste,1
flocs,1
intensified microbubbles,1
breeding waste compost,1
calcareous soil,1
cow dung compost,1
fulvic acid,1
nutrient bioavailability,1
soil enzyme,1
biogas application,1
textile waste,1
biogas purification,1
endogenous hormones,1
far-red light,1
microplastics pollution,1
marine macroalgae,1
inelastic neutron scattering,1
mycelium composites,1
standardization,1
flavonoid c-glycosides enriched extract,1
nanoemulgel,1
oil palm (elaeis guineensis jacq.) leaf,1
molecular networking,1
buildings,1
biofabrication challenges,1
failure factors,1
empty fruit bunch fiber,1
omics,1
heat flux,1
refining,1
sandwich composite,1
reuse,1
wastes,1
energy forecast,1
bioplastic,1
mass spectrometry,1
quality control,1
macroporous resin,1
process,1
flow battery,1
kapok fibres,1
niacinamide,1
non-woody biomass,1
topical drug delivery,1
heuristic algorithm,1
stacking,1
deposition,1
electrolyte engineering,1
manganese,1
polymeric hydrogel,1
reversibility,1
kapok,1
multiple acid hydrolysis,1
cellulose hydrolysis,1
soil,1
electrocoagulation,1
flocculation index,1
bioflavonoids,1
kinetics,1
α-amylase,1
anti-bacillus,1
penang’s river,1
alternative material,1
bamboo composites,1
structural applications,1
bamboo fibre,1
characterization techniques,1
bamboo-based composites,1
fibre,1
materials application,1
military applications,1
calophyllum,1
mwcnt,1
non-covalent functionalization,1
p3ht,1
sensor,1
structural,1
bamboo nanocellulose,1
emerging applications,1
preparation,1
river water quality parameter,1
production technology,1
green packaging,1
indole alkaloid,1
chromanone,1
cytotoxicity •,1
calophyllum lanigerum,1
chromanone acids,1
xanthones,1
commodity crop,1
isomers,1
total flavonoid,1
adaptogen,1
mushrooms,1
diabetic,1
non-diabetic,1
acacia mangium wood,1
adsorption capacity,1
bromocresol green dye,1
isotherms,1
macroporous polymeric resin,1
intensity inhomogeneity (iih),1
phenylpyruvic acid,1
dominant strains,1
polyethene glycol,1
gene expression,1
longevity extension,1
oxidative stress-related,1
phenylalanine,1
azelaic acid (aza),1
phenylacetic acid,1
corn steep liquor,1
partial purification,1
a. platensis,1
refrigerated storage,1
antimicrobe,1
hyaluronic acid‐silver nanoparticle,1
in-vitro,1
postbiotics,1
cell wall,1
enzymolysis,1
total soluble solids,1
yeast extract,1
drosophila melanogaster,1
endurance performance,1
conventional wound dressing,1
complex coacervation,1
bacillus licheniformis 2d55,1
carboxymethyl cellulase,1
enzyme,1
phenyllactic acid,1
skincare,1
tyrosine,1
preservation,1
animal-based proteins,1
plant-based proteins,1
coconut water,1
quinoa proteins,1
beef,1
fresh white salted noodles,1
tea infusions,1
anti-ageing,1
efficacy formula,1
foundation,1
makeup,1
active wound dressing,1
skin layers,1
natural iron,1
spatial pattern,1
colloidal,1
ozone,1
surfaces,1
mann kendall,1
film-based technology,1
health hazards,1
cloud optical thickness,1
western ghats,1
microplastic removal,1
capturing,1
monsoon,1
natural rubber latex band,1
copper,1
extreme rainfall,1
erosional dynamics,1
mixed matric membrane,1
polysulfone,1
cot,1
theil-sen’s,1
sulfonated polysulfone,1
wound dressing,1
pharmacy,1
wound matrix,1
wound-healing phases,1
antidiabetic,1
exopolysaccharides,1
ionic-liquid,1
lactic acid bacteria (lab),1
antimicrobial powder,1
bio-preservative,1
dioxins,1
proton exchange membrane,1
basil seed beverage,1
groundwater pollution,1
coagulant-assisted,1
weight,1
soil compaction,1
nrl film,1
sludge capturing process,1
surface-active latex,1
plant-based fermentation,1
phenanthrene,1
sst,1
surface roughness,1
natural disasters,1
rainfall,1
calcium,1
hardness removal,1
ion exchange resins,1
light transmittance,1
san/abs/pc,1
sem,1
fresh wheat noodles,1
land use land cover,1
potassium sorbate,1
sodium reduction,1
beetroot powder,1
dl-pcbs,1
glutaric acid (gla),1
white tea extract,1
pyrene,1
superoxide dismutase (sod),1
meteorological parameters,1
sustainable bioindustries,1
tetraselmis chuii,1
preservative,1
coral-affecting physicochemical factors,1
live hard coral coverage,1
reefs,1
remote sensing,1
atmosphere–ocean interaction,1
atmospheric co2 concentration,1
co2 flux,1
iron retention,1
drying techniques,1
diatom,1
beetroot phytochemicals,1
meta-analysis,1
peninsular malaysia,1
south china sea,1
climate change mitigation,1
seagrass ecosystems,1
sustainable environments,1
bioproducts,1
taguchi orthogonal array,1
trace elements,1
palm mesocarp fiber,1
used oil,1
texture-modified food,1
ci engine,1
combustion,1
emission,1
palm biodiesel,1
performance,1
nir,1
refined bleached deodorized palm oil,1
fatty acids diagnostic ratio,1
microbial transglutaminase enzymes,1
gas chromatography-flame ionisation detector,1
refined bleached deodorised palm oil,1
benzo[a]pyrene removal,1
natural catalysis,1
persulfate activation,1
soil remediation techniques,1
tropical soil chemistry,1
benzo(a)pyrene,1
texture profile analysis,1
polycyclic aromatic hydrocarbons,1
cow’s milk allergy,1
functional constipation,1
one health,1
proteolytic activity,1
fruit juices,1
cell viability,1
iron based catalyst,1
growth profile,1
functional food industries,1
metabolite,1
personalization,1
tropical soil,1
kaffir lime,1
prebiotics,1
anti-acne agent,1
cell-free supernatant,1
cutibacterium acnes,1
lactiplantibacillus plantarum k014,1
fermented okara,1
hematite,1
soil biodiversity,1
innovative trend analysis,1
biochemical,1
freshness monitoring,1
oyster,1
gc×gc,1
polypyrrole,1
black tea,1
hazard quotient,1
support vector machine,1
biopolymer matrix,1
intelligent film,1
land use,1
composite hydrophobic nanocoating,1
marine water quality,1
safe water access,1
water ecosystem,1
histamine,1
neural network,1
prediction model,1
source apportionment,1
tyramine,1
konjac,1
bionanocomposite,1
gas transport,1
cost,1
and numerical modelling,1
running water types,1
staphylococcus aureus,1
nostocales,1
metagranite,1
oyster shell,1
gamma,1
animal-based composite,1
environmental impacts,1
biogenic caco3,1
anthracnose,1
life cycle assessment (lca),1
bamboo-based materials,1
market value,1
antracol,1
hazard index,1
magnetic nanoparticle,1
bisphenol a,1
urban air quality,1
nanoreinforcement,1
efflux pump inhibitors,1
frying oils,1
advanced glycation end products,1
quechers,1
sulfated polysaccharide,1
orthogonal array design,1
neonicotinoid pesticides,1
terpenes delivery system,1
sea cucumber,1
forecaster model,1
copper tannate,1
neurotransmitter,1
spawning behaviour,1
tempo,1
mangrove,1
ginkgo biloba leaves flavonoids,1
stichopus fusiformiossa,1
high-insulation glass,1
bpei,1
tannin,1
shrimp,1
5-hydroxymethylfurfural,1
terpenes,1
buildings application,1
permeability,1
permeability properties,1
tortuous path model,1
k-fold cross-validation,1
future prospects,1
alginate,1
eco-friendly materials,1
semi-transparent,1
antifouling,1
scopus,1
swietenia macrophylla king,1
nigrospora species,1
solar collectors,1
endophytes,1
bibliometric,1
bioactive compounds,1
photovoltaic thermal,1
ion exchange membranes,1
hydrogeochemical models,1
hydrological and water quality models,1
water–rock interactions,1
sedekah,1
trend,1
"mann-kendal, sen’s slope estimator",1
health effects,1
sza,1
o3 column,1
multidrug-resistant (mdr) bacteria,1
leaf litter weight,1
abe fermentation,1
beach sediments,1
crassostrea belcheri,1
sdgs (no-poverty),1
problem-based learning,1
mathematical communication skills,1
6ds gamification framework,1
gamification,1
bauxite mining,1
halal ecosystem,1
u–pb zircon dating,1
uv index,1
biomass processing,1
fractal,1
agrochemical,1
antibiofilm,1
dllme,1
microplastic,1
curvularia sp,1
greenhouse gases (ghgs),1
fruit quality,1
environmental pollutions,1
antibiotic resistance genes (args),1
ssf,1
oregano essential oil,1
pomelo peels,1
crassostrea iredalei,1
aspergillus niger hfm 8,1
tropical cyanobacteria,1
subaerophytic,1
polyphasic characterization,1
fruit rot disease,1
heterocytous,1
esd,1
plackett-burman design,1
mapping knowledge domains,1
palm kernel cake,1
sustainable large-scale production,1
arthropods,1
cellar spider,1
morphological study,1
synthesis nanoparticles,1
principal factor analysis,1
hydrolysate,1
medium optimization,1
heavy metal concentrations,1
radioactive waste management,1
lc-ms/ms,1
cluster analysis,1
and pearson correlation coefficient,1
social sustainability,1
oil palm livestock system,1
integrated crop livestock,1
economic sustainability,1
souss-massa mountainous basin,1
abundance,1
mutagenesis,1
conservation,1
adaptive laboratory evolution,1
environmental education,1
thorium extraction processing,1
various electrodes,1
science curriculum,1
microbial,1
palm oil waste management,1
and sustainable management,1
environmental issues,1
thorium extraction,1
geochemistry,1
late cretaceous-paleocene,1
luk ulo complex,1
metapsammite,1
tidal zones,1
ultrafiltration,1
groundwater and rainwater contamination,1
sustainable water resources development,1
statistics,1
roms model,1
sensory quality,1
hemostatic activity,1
sugar utilization,1
biohydrogen,1
biomethane,1
palm oil industry,1
fe–co–zn,1
fe–ni–zn,1
tmnps characterisation,1
fly ash,1
asbr,1
organic substrate,1
plant latex proteases,1
morphological structure evaluation,1
membrane technology,1
toxin removal,1
bpa,1
caffeine,1
yttrium,1
zno,1
organic waste,1
fermentation efficiency,1
magnetron sputtering,1
environmental impact,1
biovalorization,1
chromatographic,1
polyhydroxyalkanoates,1
biomass fuel,1
drying,1
water pollution,1
metal ions,1
economic feasibility,1
uasb reactors,1
fermentation capability,1
bioethanol fermentation,1
budding yeast,1
ethanol concentration,1
ethanol fermentation,1
ethanol production,1
ethanol tolerance,1
ethanol yield,1
fermentation ability,1
co-sputtering,1
photocatalyst deposition,1
pomes,1
thermal compatibility,1
halal executive,1
halal industry,1
ir4,1
absorption,1
protein-bound uremic toxin,1
α-mangostin,1
power density,1
solid oxide fuel cells,1
thermal expansion coefficient,1
social science,1
antifouling property,1
hemodialysis membrane,1
iron oxide,1
surface hydrophilicity,1
electron beam,1
membrane surface modification,1
methyl methacrylate,1
thrombin-like enzymes,1
core competencies,1
halal,1
photocatalytic membrane,1
structural characterization,1
hemodialysis,1
physical vapor deposition,1
sputtering technique,1
mgcl2,1
nai,1
biological activities,1
extraction methods,1
prospective applications,1
tremella polysaccharides,1
computational social science,1
dysphagia,1
microgels,1
reactive sputtering,1
artificial kidney,1
radiation induced graft copolymerization,1
polyimide,1
optimized collagen,1
tropical marine species,1
biorefinery,1
photofunctional materials,1
rmse,1
usage,1
anticancer drugs,1
controlled delivery,1
tumor cells,1
carbofuran,1
fate,1
metabolic pathways,1
metabolites,1
chemotherapy,1
polyolefins,1
cuproptosis,1
sensors and actuators,1
thermoplastics,1
banana fruit,1
chitosan coating,1
delay ripening,1
nanoclay,1
co-precipitation technique,1
inclusion complex,1
ferroptosis,1
nano-antimicrobials,1
cell death,1
colistin,1
synthetic consortia,1
natural preservatives,1
protein extraction,1
shrimp preservation,1
total viable count,1
dyes,1
cheese,1
quorum sensing,1
injectable hydrogels,1
gene delivery,1
methacrylic acid,1
nanoparticles,1
angiogenesis,1
biochemical analysis,1
biomimetic 3d scaffolds,1
ecm remodeling,1
mozzarella cheese,1
non-absorbable,1
dyes/pigments,1
cancer treatment,1
ciprofloxacin,1
technoeconomic analysis,1
polymer matrix composites,1
boric acid,1
biocompatible adsorbent,1
insects,1
pre-treatment,1
processing,1
industrial and innovation,1
sustainable energy source,1
bioconversion,1
gelatin,1
biofertiliser,1
brassica juncea,1
germination,1
feed,1
bio-valorization,1
empty fruit bunch (efb),1
palm oil mill effluent (pome),1
biobr,1
edible bird’s nest (ebn),1
bioinks,1
porose materials,1
responsive release,1
nanofertilizers,1
nanofungicides,1
drug delivery system,1
dysbiosis,1
microbiome,1
microbiome-based interventions,1
biosensing,1
nanostructured bioaerogels,1
bacteriophages,1
3d printing technology,1
engineered probiotics,1
microbiome metabolites,1
synthetic biology,1
date palm,1
architectures,1
mimicking organs,1
scaffolds,1
subcellular structures,1
anaerobic filter reactors,1
anaerobic bioreactors,1
ghg reduction,1
robot simtion,1
clothoid curved,1
differential drive robot,1
motion path analysis,1
path tracking,1
perspective transformation,1
video camera,1
circular arcs,1
corn starch,1
halophila ovalis,1
clothoid,1
multiple stressors,1
nutrient enrichments,1
photosynthesis,1
emission rate,1
landfill gas,1
landgem,1
monte carlo,1
municipal solid waste,1
robot simulation,1
hydroxypropylation,1
global warming,1
biogas upgrading,1
hydrothermal carbonization,1
hybrid photocatalytic sequencing batch biofilm reactor,1
kinetics study,1
phytotoxicity assessment,1
sugarcane vinasse,1
biochar functionalization,1
circular economic,1
nano-biochar,1
biomethanation,1
gel microparticles,1
h2 diffusion,1
hollow-fiber membranes,1
anaerobic digestion (ad),1
biogas production,1
response surface method (rsm),1
sub-thermophilic,1
texture modified food,1
fish gelatine,1
air pollution,1
α-glucosidase inhibition,1
drugs,1
sensible heat,1
mature coconut water,1
yeast,1
cognitive development,1
heatwaves,1
coastal waters,1
marine microplastics,1
atmospheric surface layer,1
latent heat,1
tropical coastal sea,1
box–behnken design,1
amount effect,1
gmwl,1
gnip,1
lmwl,1
mmwl,1
precipitation,1
stable isotope,1
error matrix,1
fermented pumpkin,1
acetic acid bacteria,1
simulated gastrointestinal condition,1
white tea,1
pumpkin,1
succinic acid (sua),1
freshness,1
functional beverage,1
in vitro antioxidant,1
orthogonal test,1
product development,1
sweet osmanthus,1
casein proteins,1
vegetable oil,1
10-hydroxydecanoic acid,1
health functionalities,1
royal jelly,1
sebacic acid,1
trans-10-hydroxy-2-decanoic acid,1
protein digestibility,1
structure properties,1
functional coatings,1
biogas power plant,1
anaerobic digestate,1
waste oil,1
particulate matters,1
vitamin c,1
red dragon fruit,1
pasteurisation,1
particulate mass,1
peatland fires,1
pnc,1
haze event,1
health risk assessment,1
d2ehpa,1
fiber reinforcement,1
industrial wastewater,1
strip dispersion,1
transport rate,1
biofertilizers,1
cosmetics,1
diatoms,1
food,1
pharnaceuticals,1
eco-composite,1
abaca fiber,1
starchy biomass,1
bamboo fibres,1
functional enrichment analysis,1
herbal medicines,1
terpenoids,1
triterpenoid saponins,1
and formaldehyde-free,1
bamboo particleboard,1
bio-based adhesives,1
nelumbo nucifera starch,1
depression,1
palm shell lignin,1
disposable face masks,1
non-woven polypropylene,1
compatibilization,1
halochromic polymers,1
ph-responsive materials,1
pla/pbat blends,1
in vitro cell viability study,1
bast fiber,1
seaweeds,1
comprehensive strength,1
delayed ettringite formation,1
bio-electrochemical systems,1
co-solvency,1
reduced reaction time,1
anaerobic digester,1
centralized controller,1
mimo,1
multi-objective,1
nsga-ii,1
rga,1
bioreactors,1
sulphate reduction,1
total solids content,1
rheology,1
swine manure,1
ammonia toxicity,1
energy conservation,1
partial nitritation,1
hydrochar addition,1
hydrothermal pretreatment,1
caryota urens oil methyl ethyl esters,1
caryota urens oil,1
calorific value,1
pome,1
waste concrete aggregate,1
pasteurization,1
physicochemical quality,1
rock melon,1
blend,1
activated sludge,1
anammox,1
digester effluent,1
artificial intelligence (ai),1
energy optimisation,1
grid resilience,1
hydrogen energy,1
policy and regulation,1
smart grid integration,1
environmental applications,1
modification,1
fe-co–cu,1
monsoon variability,1
