Keyword,Total Citations
sustainable packaging,226
lignin utilization,192
technical lignin,192
lignin properties,192
nan,181
biopolymer,180
biodiesel,178
polymers,157
crude glycerol,144
spent coffee grounds,131
energy optimisation,130
grid resilience,130
hydrogen energy,130
smart grid integration,130
policy and regulation,130
artificial intelligence (ai),130
deep learning,120
polymer composites,120
biofiller,99
biocomposites,99
sustainability,97
biocomposite,97
active packaging,94
machine learning,91
physicochemical properties,91
microfiller,90
nanocellulose,79
compatibility,79
natural fibre,78
microplastics,74
phbv,69
intelligent packaging,69
interactions,69
biofuel,68
green chemicals,65
green extraction,65
functional compounds,65
biopolymers,64
adsorption,61
thermal,60
fire resistance,60
flammability,60
sago starch,60
surfaces,59
colloidal,59
capturing,59
agriculture,58
bias correction,57
dma,57
high-hydrostatic pressure,57
wrf model,57
modulus,57
parameterization,57
sugar palm fiber,57
lactic acid bacteria,57
biodegradability,56
waste to energy,56
biopolymer composites,56
in-vitro digestibility,56
probiotics,55
edible coating,55
cellulose,54
sustainable materials,54
biochar,54
biological treatment,54
oil palm,54
yield prediction,54
food preservation,53
biomaterials,52
mechanical properties,50
fermentation,49
soxhlet extraction,48
scenedesmus parvus algae,48
sustainable utilization,48
biomass,46
cellulose nanofiber,46
aerogel,46
chemical modification,44
bast fiber nonwoven,44
bioaerogel,43
extraction,43
emerging pollutants,43
essential oil,42
biofilm,42
microalgae,42
reinforcement,42
spent coffee ground,42
nanoemulsion,41
municipal solid waste,41
functionalization,39
nanocomposites,39
antimicrobial,38
bio-composite,38
environmental applications,38
modification,38
rubber wood sawdust,38
pleurotus ostreatus,38
mycelium,38
gasification,38
antibacterial,38
deep eutectic solvent,38
renewable energy,37
hybrid composites,37
oxidative stability,36
kenaf,35
polymer matrix composites,35
purification,35
2,35
kombucha,35
glass,35
celastrol,34
wastewater,34
potato strips,34
acrylamide,34
oil uptake,34
tarragon,34
zataria multiflora boiss,34
photocatalysis,34
microbial identification,32
feedstock,32
ganoderma lucidum,32
polymer blend,32
clean fermentation,32
symbiosis,32
flavonoid,32
metabolome,32
complexation,31
magnetic graphene oxide,31
magnetic nanoparticles (mnps),31
sample preparation,31
humic acid,31
solid phase extraction,31
macroporous resin,31
thermoplastic elastomer,30
environmental application,30
natural fibers,30
applications,30
palm kernel shell,30
chitosan films,29
antioxidant activity,29
chicken fillets,29
eggplant anthocyanins,29
conjugation,29
circular bioeconomy,29
oliveria decumbens,29
health care,29
cellulose derivatives,28
bioremediation,28
biogas,28
ultrasonication,28
fruit peel,28
tropical fruit,28
trimetallic nanoparticles,28
production,27
recycling waste,27
toxicity,27
waste management,27
anhydride modification,27
coffee waste,27
methylene blue,26
spent coffee,26
carboxymethyl cellulose,25
plastic,25
food safety,25
anaerobic digestion,25
phenol,24
glycerol,24
milk fortification,24
functional food,24
essential oil encapsulation,24
membrane,24
emulsification,24
semi-refined carrageenan,24
thermal insulation,24
lignocellulosic biomass,24
syngas,23
rice husk,23
optimization,23
encapsulation,23
palm kernel shells,22
antioxidant,22
polyhydroxybutyrate,22
biomass conversion,22
shelf life,22
intelligent film,22
freshness monitoring,22
pharmaceuticals (phacs),21
zno,21
yttrium,21
caffeine,21
eco-friendly,21
lignin,21
ganoderma neo-japonicum,21
green materials,21
hormone,21
short-chain fatty acids,21
drug delivery,21
bpa,21
water resistant,21
palm oil empty fruit bunch,21
protein-based coatings,21
food packaging,21
freeze–thaw,21
hydrophobicity,21
functional food industries,20
metabolite,20
nutrient removal,20
bioadsorbent,20
pome,20
agriculture waste,20
durian,20
fe-co–cu,20
3d printing,20
transesterification,20
film,20
therapeutic potential,20
pyrolysis,20
gut microbiota,20
kinetics,20
diabetes,20
low-grade chronic inflammation,20
obesity,20
sugarcane bagasse,19
coats – redfern method,19
plant-based proteins,19
shelf-life extension,19
complex coacervation,19
tga/dta,19
animal-based proteins,19
metabolomics,19
chitosan,19
energy consumption,19
cao,19
inhibitor tolerance,18
fed-batch fermentation,18
sugar palm fibre,18
non-woven bast,18
patchouli waste fiber,18
ulva lactuca,18
burkholderia ambifaria strain e5-3,18
third oil generation,18
wettability,18
alkaline treatment,18
interfacial adhesion,18
bonding,18
inflammation,18
heavy metal,18
waste frying oil,18
azolla filiculoides,18
lignin extraction,18
blood purification,18
toxin removal,17
membrane technology,17
biodegradable film,17
hemodialysis,17
artificial kidney,17
ph-responsive packaging,17
food security,17
oil spill,17
modification technique,17
bioaerogels,17
cacl2,17
fish spoilage indicator,17
rice starch,17
pomegranate flower extract,17
sorption,17
oil palm empty fruit bunch,17
salt-gelatinization,17
functional constipation,17
waste marble powder,17
sorbent,17
melamine,17
personalization,17
anthocyanins,17
eichhornia crassipes,16
essential oils,16
natural antioxidant,16
aspergillus flavus,16
aspergillus niger,16
sodium alginate,16
thermal conductivity,16
immunomodulation,16
biofabrication challenges,16
chilli,16
failure factors,16
mycelium composites,16
biopolymer aerogels,16
porose material,16
kopsia teoi,16
lactobacillus,16
extracted lignin,16
sustainable development,16
green technology,16
thermal properties,16
nanofibers,16
chicken manure,16
circular economy,16
molasses,16
muscle release,15
traditional plants,15
meat detachments,15
shucking,15
immunosuppression,15
superheated steam,15
frozen burger preservation,15
microbial load reduction,15
enzymolysis,15
cell wall,15
oxidation stability,15
plant extract nanoemulsions,15
tropical oysters,15
and sustainable management,15
environmental issues,15
phytochemicals,15
total soluble solids,15
immunostimulation,15
immersion coating,15
human health,15
paraquat herbicide,15
mechanisms,15
hplc,15
hazards,15
chicken meat,15
gas chromatography,15
oil palm trunk,15
lipid oxidation,15
hydrogel,15
microbial spoilage,15
plant bioactive compounds,15
syzygium aromaticum,15
yeast extract,15
stress resistance,15
climate change,15
anticancer,15
waste generation,15
thorium extraction,15
guided tissue regeneration (gtr),14
groundwater,14
solid waste,14
spirulina,14
non-absorbable,14
guided bone regeneration (gbr),14
green material,14
glucose yield,14
sodium metabisulfite,14
pseudomonas aeruginosa,14
absorbable,14
wound healing properties,14
biocompatible,14
physicochemical evaluations,14
lentil proteins,14
souss-massa mountainous basin,14
wastes,14
oxidative stress,14
hyperglycemia,14
reuse,14
human renal tubular epithelial cells,14
bacterial-cellulose,14
beris lalang,14
dumpsites,14
heavy metals contamination,14
algal immobilization,14
skin care,14
fibrosis,14
diabetic nephropathy,14
fractal,14
cosmetic applications,14
supercritical co2,14
enzymatic,14
sewage treatment plant,13
pharmaceutical residue,13
carboxyl groups,13
nanofiltration,13
hospital wastewater,13
chemical composition,13
materials science engineering,13
marine,13
quorum sensing,13
raw seaweed,12
modified biochar,12
metabolic pathways,12
solvent-free,12
triethoxymethylsilane,12
biodiesel-derived crude glycerol,12
biosynthesis of polymers,12
climate change impact,12
farmers,12
paddy production,12
separation,12
monoglycerides,12
regenartive farming,12
fate,12
technoeconomic analysis,12
industrial and innovation,12
degradation,12
carbofuran,12
pathogenic bacteria,12
cellulolytic ability,12
landfill leachate,12
lignocellulose biomass,12
bacillus species,12
usage,12
whey proteins,12
water kefir grains,12
electricity generation,12
oil palm biomass,12
sustainable energy source,12
childbearing,12
intervention,12
maternal health,12
metabolites,12
postpartum depression,12
social support,12
bioethanol,12
microbial fuel cell,12
4-dichlorophenoxyacetic acid,12
environmental sustainability,12
consortia,12
materials chemistry,11
characterizations,11
materials structure,11
keratin,11
phytoremediation,11
bioengineering,11
polymer,11
tissue regeneration,11
wound healing,11
fatty acid,11
biomedical applications,11
rheological properties,11
4-d,11
chemical mixture,11
characteristics,11
pharmaceuticals,11
mild steel,11
paddy,11
environmental pollutants,11
bioaccumulation,11
nano-biochar,11
circular economic,11
municipal wastewater,11
biochar functionalization,11
translocation,11
photocatalyst,11
microencapsulation,11
water reuse,11
bionanocomposites,11
corrosion inhibitor,11
biomolecules,11
electrochemical,11
oil palm (elaeis guineensis jacq.) leaf,10
dehumidification,10
activated carbon,10
polymeric material,10
core-shell,10
metal oxide,10
electrospinning,10
magnetoelectric,10
moisture absorption,10
desiccant paper,10
uv-protection,10
biohydrogen production,10
polyvinyl alcohol,10
bajakah tampala extract,10
active packaging film,10
silica nanoparticle,10
biodegradable,10
oxidation,10
nanoemulgel,10
digestibility,10
flavonoid c-glycosides enriched extract,10
waste,10
water treatment,10
hydrogels,10
soil,10
retraction force,10
adhesives,10
chemical interactions,10
marble,10
seaweed,10
desiccant,10
cockle shell,10
calcium chloride,10
biomethane production,10
compositional analysis,10
hybrid,10
process systems engineering assessment,10
nano,10
natural waste fiber,10
swelling capacity,10
cellulose and other wood products,10
biomass gasification,10
china,10
industrial waste management,10
nanotechnology,10
knowledge-attitude-practice (kap) model,10
synthesis and processing techniques,10
molecular docking,10
techno-economic challenges,10
toughness,10
solid surfaces,10
silver nanoparticles,9
catalyst,9
composite,9
hydrophilicity,9
mechanical strength,9
gc-ms,9
sustainable energy technologies,9
seaweed films,9
manufacturing conditions,9
optimization strategies,9
scale-up,9
climate variability,9
cleaner approach,9
supercritical treatment,9
climate,9
bioenergy,9
rice husk silica nanoparticles,9
lignin nanoparticles,9
bio-nanocomposites,9
barrier properties,9
seaweed biomass,9
kappaphycus alvarezii,9
biopolymer nanocomposites,9
barrier performance,9
membrane bioreactor,9
bioflavonoid,9
kappa-carrageenan,9
isolation,9
mechanical,9
mrsa,9
edible films,9
hemicellulose,9
blend films,9
antimicrobial agents,9
e. alte,9
sampling,9
river,9
analysis,9
energy efficiency,9
commercialization,9
palm oil mill effluent,8
tmnps characterisation,8
terpenes delivery system,8
fe–ni–zn,8
fe–co–zn,8
empty fruit bunch fiber,8
heat flux,8
glutaric acid,8
refining,8
terpenes,8
sandwich composite,8
beef tallow,8
staphylococcus aureus,8
multidrug-resistant (mdr) bacteria,8
efflux pump inhibitors,8
lipid extraction,8
response surface method (rsm),8
biogas production,8
anaerobic digestion (ad),8
antibiofilm,8
cellulose nanofibers,8
isolation process,8
3d x-ray imaging,8
persian gum,8
renewable resources,8
stability,8
prebiotics,8
carboxymethylation reaction,8
hpv clearance,8
phenanthrene,8
palm mesocarp fiber,8
sustainable fuel,8
benzo(a)pyrene,8
ndvi,8
modis,8
rsm,8
biomass feedstock,8
dairy-based lactic acid bacteria (lab),8
dairy foods,8
constipation,8
landsat-7,8
potential treatment,8
oral administration,8
aging,8
deep neural network,8
uv light,8
batch and continuous modes,8
heavy metal removal,8
benzene,8
leachate treatment,8
gut-vaginal axis,8
toluene,8
fruit drink,8
cellulose hydrolysis,8
heuristic algorithm,8
phycoremediation agent,8
scenedesmussp,8
stacking,8
ethanol,8
bionanocomposite,7
structural,7
sensor,7
p3ht,7
gas transport,7
nanoreinforcement,7
permeability,7
soil remediation,7
biopolymer matrix,7
κ-carrageenan,7
paraquat,7
non-covalent functionalization,7
artificial intelligence,7
bioproduct,7
adsorbent,7
naoh/urea,7
regeneration,7
tempo-oxidation,7
vegetable oil,7
hollow-fiber membranes,7
h2 diffusion,7
biomethanation,7
biogas upgrading,7
durian peel waste,7
interfacial tension,7
shrinkage,7
functional coatings,7
advanced oxidation process,7
tortuous path model,7
biopolymer film,7
inelastic neutron scattering,7
surfactant,7
mwcnt,7
permeability properties,7
mesoporous silica,7
shelf-life,7
basil seed beverage,7
gellan gum,7
suspension stability,7
stabilizers,7
oil palm leaf,6
aquaculture,6
abaca fiber,6
fiber reinforcement,6
azelaic acid,6
coumarin,6
dissolving pulp,6
technical efficiency,6
stochastic frontier analysis,6
meta-regression analysis,6
solubility,6
protein quality,6
autohydrolysis,6
energy,6
non-wood biomass,6
soda pulping,6
ultrasonic,6
soy milk,6
microemulsion,6
microbial fuel cells,6
sustained release,6
hygroscopicity,6
papaya powder,6
scanning electron microscopy,6
superheated steam drying,6
kinetics & thermodynamics,6
adult learners,6
data envelopment analysis,6
homogenization,6
saffron,6
stress,6
naltrexone,6
injectable hydrogel,6
disulfiram,6
healing,6
ecm remodeling,6
biomimetic 3d scaffolds,6
biochemical analysis,6
angiogenesis,6
emulsion electrospinning,6
pullulan,6
tocotrienol,6
6,6
6-tetramethylpiperidine-1-oxyl radical,6
bioresource based products,6
cellulose solubility,6
soil quality rehabilitation,6
oil palm management practices,6
livestock integration strategies,6
economic value,6
ecological services,6
earthworm abundance,6
crystallinity,6
dissolution,6
zein,6
food industry,6
occupational ergonomics,6
polyhydroxybutyrate (phb),6
teaching professionals,6
guar gum,6
liquid phase,6
central composite design (ccd),6
lipid productivity,6
anova,6
biodiesel feedstock,6
algae cultivation,6
work-related musculoskeletal disorder,6
salt-coated yellow alkaline noodles,6
sodium distribution,6
ammonia reduction,6
plastic pollution mitigation,6
freshwater,6
environmental health,6
baseline,6
bacillus subtilis,6
blended bioplastic,6
recycling,6
bio-binder,6
efficiency,6
organic rankine cycle,6
β-glucan,6
sustainable agriculture,6
techno-economic analysis,6
boiler,6
economic analysis,6
waste heat,6
health benefit,6
microstructure,6
algae biomass,6
antioxidant capacity,6
endogenous hormones,6
hazard index,6
histamine,6
tyramine,6
black tea,6
growth,6
lettuce,6
quality,6
workplace safety and health,6
hazard quotient,6
far-red light,6
response surface methodology (rsm),6
cooking qualities,6
urban geography and urbanism,5
succinic acid,5
thermal energy-efficient systems,5
sustainable hvac,5
response surface methodology,5
green products,5
nitrocompounds,5
dyes,5
standardization,5
indoor air quality,5
low carbon buildings,5
quality control,5
tremella polysaccharides,5
omics,5
eco-cities design and planning,5
macroalgae,5
energy-efficient lighting systems,5
energy-efficient systems,5
anti-hyperglycaemia,5
indole alkaloid,5
α-amylase,5
imitation cheese,5
extraction methods,5
bioplastics,5
depression,5
stringiness,5
instrumental analysis,5
crystallinity index,5
correlation model,5
biomass alteration,5
triterpenoid saponins,5
terpenoids,5
herbal medicines,5
functional enrichment analysis,5
drugs,5
lactiplantibacillus plantarum,5
structural characterization,5
polyunsaturated fatty acids,5
bibliometric analysis,5
biobr,5
ciprofloxacin,5
photofunctional materials,5
pomes,5
carbon sequestration,5
biological activities,5
stretchability,5
prospective applications,5
circularity,5
extensibility,5
soy protein isolate,5
meteorological parameters,5
agricultural waste,5
bio-succinic acid,5
microbial bioconversion,5
water remediation,5
mango,5
jujube (ziziphus jujuba) extract,5
α-glucosidase inhibition,5
simulated gastrointestinal condition,5
pumpkin,5
meat,5
wetland plants,5
rainfall,5
natural disasters,5
thermal processing,5
zero waste,5
energy-saving,5
land use land cover,5
prebiotic,5
simulation,5
thermochemical,5
co2 capturing,5
baff,4
d2ehpa,4
industrial wastewater,4
strip dispersion,4
calophyllum lanigerum,4
salmonella,4
wastewater treatment,4
transport rate,4
mechanism,4
solar collectors,4
curvularia sp,4
fruit quality,4
fruit rot disease,4
oregano essential oil,4
textile waste,4
catalytic co-pyrolysis,4
bio-oil,4
industrial solid waste,4
postbiotics,4
synergy,4
simple two-step enrichment,4
coastal reclamation,4
hydrothermal carbonization,4
co-fermentation time,4
pretreatment optimization,4
biogas power plant,4
anaerobic digestate,4
net energy ratio,4
pretreatment,4
saccharification and fermentation,4
biogas valorization,4
oil palm sap,4
type ii methanotrophs,4
semi-transparent,4
deposition,4
electrolyte engineering,4
flow battery,4
manganese,4
reversibility,4
buildings application,4
april,4
high-insulation glass,4
photovoltaic thermal,4
quinoa proteins,4
receptors,4
immunological disorders,4
antimicrobial peptides,4
bacteriocin-like inhibitory substance,4
inhibitory activity,4
advanced glycation end products,4
omi/aura,4
in-vitro,4
canopy layer,4
realistic geometry model,4
tropical climate,4
wind profile distribution,4
wind tunnel experiment,4
sulfated polysaccharide,4
environmental challenges,4
nuf and wlp residue,4
policies,4
pollution control technology,4
nanostructure,4
nanomaterials,4
micro bio-based materials,4
environmental technology,4
energy application,4
bio-based materials,4
patchouli lignin,4
ternary blend,4
rare earth elements,4
thorium extraction methods,4
plant phytic acid,4
insulation,4
5-hydroxymethylfurfural,4
gelatin film,4
pectin,4
conservation,4
ionic liquid-based aqueous two-phase system,4
oral pathogen,4
cytotoxicity,4
ph-sensitive indicator,4
membraneless microbial fuel cell,4
abundance,4
industrial revolution,4
food processing,4
food policy,4
alginate beads,4
immobilized pectinase,4
strait of malacca,4
papaya juice,4
leaf litter weight,4
treatment,4
soil biodiversity,4
soil compaction,4
weight,4
bacteriocins,4
microplastic,4
greenhouse gases (ghgs),4
environmental pollutions,4
antibiotic resistance genes (args),4
agrochemical,4
livelihood assets,4
nutrient,4
hybrid nanocomposites,4
collagen,4
nanoclay,4
activation time,4
phosphoric acid,4
texture-modified food,4
texture profile analysis,4
microbial transglutaminase enzymes,4
gel microparticles,4
fish gelatine,4
sewage sludge,4
biosolids,4
willingness to participate,4
watershed management,4
livelihood strategies,4
ni/al-sba-15,4
socio-economic factors,4
social rights,4
water and food security,4
wastewater irrigation,4
emerging contaminants,4
acceptable daily intake,4
water pollution,4
antidiabetic,4
tilapia,4
mozzarella cheese,4
cheese,4
molecular weight,4
delay ripening,4
chitosan coating,4
banana fruit,4
kinetic study,4
aqueous two-phase system,4
kaffir lime,4
chromanone acids,4
xanthones,4
flavonoids,4
penganum harmala,4
bioflavonoids,4
nano-tio2,4
ceramic coating,4
polymeric hydrogel,4
bibliometrics,4
spray drying,4
virgin palm oil,4
bioceramic,4
thermodynamic modelling,4
scco2 extraction,4
oil palm fruits,4
tropical soil,4
tetraselmis suecica,4
polycyclic aromatic hydrocarbons,4
natural iron,4
packaging,4
secondary metabolites,4
nutrient supplementation,4
bioactivities,4
hard capsule,4
stakeholder engagement,4
ni/ga-sba-15,4
hypertension,4
food spoilage indicator,4
banana peel,4
msw,4
co-gasification,4
complementary medicine,4
hyperglycaemia,4
hyperlipidaemia,4
corn steep liquor,4
anthropogenic activities,4
sacha inchi,4
sodium carboxymethyl nanocellulose,4
nanofluid,4
metal oxide nanoparticles,4
active film,4
small-scale fisheries,4
resilience,4
tapioca powder,4
chlamydomonas reinhardtii,4
extracted residue,4
characterisation,4
microparticle,4
patchouli,4
exopolysaccharides,4
lactic acid bacteria (lab),4
antimicrobial powder,4
ionic-liquid,4
updraft gasifier,4
bio-preservative,4
gelatine,4
gel strength,4
dicalcium phosphate dihydrate,3
motion planning,3
future prospects,3
market value,3
diuron,3
bauxite mining,3
mobile robot,3
differential drive,3
monsoon variability,3
circular arcs,3
alkaline peroxide,3
robot simtion,3
landgem,3
emission rate,3
eco-friendly materials,3
mixed matric membrane,3
co2 flux,3
textural,3
yeast,3
atmospheric co2 concentration,3
bamboo fiber,3
molecular networking,3
citric acid,3
antihyperglycemia,3
docking,3
drug-likeness,3
copper,3
heck coupling,3
para-carboxamidostilbene,3
mass spectrometry,3
isomers,3
landfill gas,3
forecaster model,3
monte carlo,3
delamination,3
south china sea,3
heavy metals,3
source apportionment,3
urban air quality,3
pollution,3
polysulfone,3
bioplastic,3
ultrafiltration,3
green packaging,3
groundwater sustainability,3
water-energy nexus,3
hydrochemical characterization,3
agricultural water management,3
environmental impact assessment,3
atmosphere–ocean interaction,3
prediction model,3
neural network,3
energy forecast,3
peninsular malaysia,3
dioxydanyl radical,3
land use,3
marine water quality,3
coastal waters,3
marine microplastics,3
meta-analysis,3
photocatalytic degradation,3
buildings,3
additive manufacturing,3
waste valorization,3
scenedesmus parvus,3
water ecosystem,3
efb,3
nano-functional,3
safe water access,3
antibacterial activity,3
beach sediments,3
mesoporous biochar,3
children,3
sanitizing,3
surface modification,3
blend,3
sorbic acid,3
palm shell lignin,3
bast fiber,3
refrigerated salmon,3
salmon,3
functional beverage,3
in vitro antioxidant,3
orthogonal test,3
pharmacologically active compounds,3
phacs,3
environmental pollution,3
drug pollution,3
product development,3
respiratory tract infections,3
sweet osmanthus,3
probiotic,3
white tea,3
dominant strains,3
sensory quality,3
synthetic consortia,3
lactic acid,3
drug delivery system,3
nanofungicides,3
nanofertilizers,3
nano-antimicrobials,3
boron oxide,3
germanium oxide,3
gene delivery,3
zinc oxide,3
emulsion,3
fruit juices,3
methane,3
bioresource-based products,3
pyrene,3
iron based catalyst,3
hematite,3
plant-based milk,3
co-precipitation technique,3
inclusion complex,3
kneading technique,3
volatile compounds,3
toddlers,3
rambutan leaf extract,3
iaq,3
species-level genome bins,3
mature coconut water,3
chra,3
fermented pumpkin,3
algae,3
chemical risk,3
chemical health risk assessment,3
uvi,3
contaminated water,3
bifidobacterium lactis probio-m8,3
acetic acid bacteria,3
box–behnken design,3
tidal zones,3
moisture,2
marine macroalgae,2
thermosets,2
ultra-violet curable resin,2
microbial evaluation,2
production technology,2
extreme rainfall,2
monsoon,2
pineapple jam,2
texture,2
polysaccharide,2
resins,2
succinic anhydride,2
antifouling,2
itaconic anhydride,2
reduced reaction time,2
electrochemical performance,2
stiffness,2
stacking sequence,2
woven carbon fibre,2
woven bamboo fibre,2
caryota urens oil,2
caryota urens oil methyl ethyl esters,2
co-solvency,2
spatial pattern,2
biopolymers and renewable polymers,2
cocoa rind,2
power density,2
solid oxide fuel cells,2
thermal compatibility,2
thermal expansion coefficient,2
principal component analysis,2
water activity,2
anhydride ratio,2
syneresis,2
chemical evaluation,2
loquat (eriobotrya japonica),2
cluster analysis,2
fermented okara,2
bioavailability,2
health benefits,2
lactoferrin,2
mechanisms of action,2
sensory properties,2
groundwater pollution,2
catalytic decarboxylation reaction,2
trace elements,2
and pearson correlation coefficient,2
amino acid,2
water–rock interactions,2
hydrological and water quality models,2
hydrogeochemical models,2
and numerical modelling,2
natural therapeutic agent,2
heavy metal concentrations,2
active wound dressing,2
wound-healing phases,2
limestone,2
wound matrix,2
fish fillet,2
emerging applications,2
erosional dynamics,2
principal factor analysis,2
superoxide dismutase (sod),2
wound dressing,2
theoretical calculation,2
physical,2
pyridoxal 5′-phosphate,2
taguchi orthogonal array,2
tetraselmis chuii,2
canned dodol,2
skin layers,2
curdlan,2
conventional wound dressing,2
bamboo nanocellulose,2
cot,2
preparation,2
frying oils,2
nutrient delivery,2
ginkgo biloba leaves flavonoids,2
proton exchange membrane,2
lc-ms/ms,2
neonicotinoid pesticides,2
orthogonal array design,2
quechers,2
shrimp,2
composite aerogels,2
uv index,2
refrigerated storage,2
and formaldehyde-free,2
beef,2
trend,2
bamboo particleboard,2
bio-based adhesives,2
nelumbo nucifera starch,2
slow-release fertilizers,2
sulfonated polysulfone,2
fuel,2
forest biomass,2
mangrove,2
tannin,2
controlled release,2
magnesium starch nanomaterial,2
vitamin d3,2
dewatered sludge,2
haze event,2
health risk assessment,2
particulate matters,2
microbiological quality,2
natural rubber latex band,2
pasteurisation,2
red dragon fruit,2
vitamin c,2
microplastic removal,2
film-based technology,2
briquette,2
bamboo fibres,2
fuel-blending,2
process,2
nutraceutical,2
free radical,2
bioactive ingredient,2
nation building,2
ammonia toxicity,2
plagiarism,2
sub-thermophilic,2
talent,2
swine manure,2
total solids content,2
ultrasonic-assisted extraction,2
theobroma cocoa l,2
phenolic compound,2
natural deep eutectic solvents,2
calorific value,2
o3 column,2
innovative trend analysis,2
copper tannate,2
microcapsule,2
waste oil,2
logging residues,2
starchy biomass,2
disposable face masks,2
eco-composite,2
non-woven polypropylene,2
synergism,2
sen’s slope estimator,2
mann-kendal,2
sodium bisulphite,2
support vector machine,2
k-fold cross-validation,2
gamma,2
cost,2
pellet,2
academic misconduct,2
health effects,2
sza,2
hydrochar addition,2
hydrothermal pretreatment,2
western ghats,2
synbiotics,2
cytotoxicity •,2
crayfish,2
quantity,2
storage period,2
radiata pine pulp,2
oil pam empty fruit bunch pulp,2
autoclave fibre cement composite,2
physical properties,2
chemical properties,2
bioresource based product,2
adhesion,2
tissue engineering,2
natural resources,2
materials in biotechnology,2
manufacturing,2
composite materials,2
calcium carbonate,2
bone,2
biomaterial,2
artificial,2
plasma treatment,2
nitrogen plasma,2
etching effect,2
antifungal activity,2
antimicrobial resistance,2
calcofluor white,2
candida auris,2
candidemia,2
visible light photocatalysis,2
nano-zno/tio2 photocatalyst,2
methyl orange degradation,2
kinetic model,2
t-2 toxin degradation,2
calcination method,2
microbial consortium,2
organic pollutants,2
geopolymer,2
particulate matter,2
air filtration,2
bioresources,2
life cycle assessment,2
food industry wastes,2
enzymatic hydrolysis,2
women,2
immunity,2
gut-brain-axis,2
vaginal health,2
gastrointestinal symptoms,2
b. infantis,2
human papillomavirus,2
thermoplastic starch,2
agarwood,2
cellulose microfibrils,2
characterization,2
re-bleaching,2
reaction optimisation,2
non-woody biomass,2
nanocrystalline cellulose,2
multiple acid hydrolysis,2
kapok,2
food innovation,2
chromanone,2
cytochrome p450 (cyp61),2
metagenomic analysis,2
fe3+ doped nano-zno/tio2 composite,2
pharmaceutical manufacturing,2
food waste,2
differential scanning calorimetry,2
additives,2
sustainable,2
calcium phosphate,2
heterotrophic microbes,2
anti-bacillus,2
anti-inflammatory,2
cleome gynandra,2
natural product,2
microbial plastic degradation,2
structural integrity weakening,2
adsorption efficiency,2
lactobacillus plantarum,2
bone remodelling,2
bone remodeling,2
langmuir equilibrium model,2
calophyllum,2
tensile properties,2
pectin-based film,2
reactive dyes,2
β-tcp scaffold,2
ginger essential oil,2
microcapsules,2
pharnaceuticals,1
stable isotope,1
food,1
precipitation,1
coral-affecting physicochemical factors,1
extrusion,1
mmwl,1
diatoms,1
seaweeds,1
flour composite,1
cosmetics,1
biofertilizers,1
native biopolymers,1
industrial feasibility,1
lmwl,1
ph-responsive materials,1
digester effluent,1
anammox,1
activated sludge,1
kapok fibre,1
fresh wheat noodles,1
rambutan extract,1
pla/pbat blends,1
halochromic polymers,1
gnip,1
compatibilization,1
oat processing advancements,1
live hard coral coverage,1
functional properties,1
remote sensing,1
amount effect,1
gmwl,1
randomized controlled trial,1
piper sarmentosum roxb,1
cervical cancer cells,1
theil-sen’s,1
mann kendall,1
health hazards,1
cloud optical thickness,1
aedes albopictus,1
aedes aegypti,1
life-cycle assessment,1
various electrodes,1
thorium extraction processing,1
radioactive waste management,1
halal ecosystem,1
gamification,1
6ds gamification framework,1
stichopus fusiformiossa,1
spawning behaviour,1
sea cucumber,1
neurotransmitter,1
oyster,1
gc×gc,1
dllme,1
ozone,1
attractive toxic sugar bait (atsb),1
in vitro,1
heterocytous,1
computational biology,1
n-feruloyltyramine,1
nsp1,1
partial nitritation,1
sars-cov-2,1
probiotic properties,1
reefs,1
bifidobacterium longum subsp. infantis b8762,1
gut health,1
pediatrics,1
respiratory illness,1
bifidobacterium longum subsp. infantis ylgb-1496,1
immunological effects,1
respiratory symptoms,1
banana,1
tropical cyanobacteria,1
subaerophytic,1
polyphasic characterization,1
nostocales,1
energy conservation,1
chemo-mechanical pretreatment,1
nanocomposite,1
photocatalytic membrane,1
fertilizer,1
texture modified food,1
microgels,1
dysphagia,1
injectable hydrogels,1
colistin,1
sputtering technique,1
reactive sputtering,1
physical vapor deposition,1
photocatalyst deposition,1
compound,1
magnetron sputtering,1
co-sputtering,1
potassium sorbate,1
surface hydrophilicity,1
iron oxide,1
hemodialysis membrane,1
graphene oxide,1
antifouling property,1
gene expression,1
methacrylic acid,1
biotechnology,1
composition retention,1
drosophila melanogaster,1
capsules and beads,1
biopolymer compatibility,1
bacteriocin purification,1
pharmaceutical applications,1
oral health therapeutics,1
biocompatibility,1
antimicrobial activity,1
peg-based aqueous two-phase system,1
probiotic-derived antimicrobial,1
preservation,1
alternatives,1
nanoparticles,1
sodium bisulfite,1
fresh white salted noodles,1
tea infusions,1
refined bleached deodorised palm oil,1
gas chromatography-flame ionisation detector,1
fatty acids diagnostic ratio,1
adulteration,1
chemometrics,1
longevity extension,1
oxidative stress-related,1
white tea extract,1
bioreactors,1
vosviewer,1
uasb reactors,1
environmental impact,1
economic feasibility,1
asbr,1
anaerobic filter reactors,1
anaerobic bioreactors,1
preservative,1
ghg reduction,1
biofuels,1
azelaic acid (aza),1
bio-electrochemical systems,1
succinic acid (sua),1
essential amino acids,1
health risk,1
enterocin cc2,1
streptococcus mutans,1
food coating,1
pretreatment sequence,1
malaysia,1
rho gtpases,1
cancer oncology,1
drying,1
feed,1
α-mangostin,1
protein-bound uremic toxin,1
environment,1
biocompatible adsorbent,1
ir4,1
halal industry,1
halal executive,1
core competencies,1
tropical marine species,1
optimized collagen,1
morphological structure evaluation,1
polyhydroxyalkanoates,1
chromatographic,1
crassostrea belcheri,1
glutaric acid (gla),1
carbon neutrality,1
processing,1
pre-treatment,1
insects,1
crassostrea iredalei,1
sustainable food processing,1
life cycle assessment (lca),1
wood,1
absorption,1
commodity crop,1
optimisation,1
phytocompound,1
starch,1
2-benzylidene-1-indanone derivatives,1
baseline study,1
surface,1
superhydrophobic,1
environmental footprint,1
microplastics pollution,1
penang’s river,1
river water quality parameter,1
models,1
method,1
biogas application,1
biogas purification,1
low crystallinity,1
bromocresol green dye,1
adsorption capacity,1
primer coating,1
microcrystalline cellulose,1
acacia mangium wood,1
rheology,1
osteoblast cells,1
bpei,1
ultrasound-assisted extraction,1
epoxy,1
aldol condensation reaction,1
sodium reduction,1
density functional theory,1
adme properties,1
zhenghe white tea,1
biochemical,1
isotherms,1
corrosion,1
bamboo-based materials,1
α-amylase inhibitor,1
tempo,1
cow’s milk allergy,0
physicochemical characterisation,0
chitin,0
proteolytic activity,0
anti-acne agent,0
advantages,0
bacteriocin,0
limitations,0
microbiome,0
methods,0
one health,0
dysbiosis,0
flame retardance,0
cell viability,0
bio-based composites,0
fermented rice noodles,0
growth profile,0
flour,0
texture profile analysis (tpa),0
noodles,0
saccharomyces cerevisiae,0
quality attributes,0
sensoryu evaluation,0
cutibacterium acnes,0
cell-free supernatant,0
polyethene glycol,0
lactiplantibacillus plantarum k014,0
co₂ scavenger,0
quality parameters,0
dyes/pigments,0
polyolefins,0
sensors and actuators,0
thermoplastics,0
sustainable livelihoods,0
sustainable coastal management,0
coastal fisheries,0
coastal development,0
soil organic carbon,0
soil carbon sequestration,0
regenerative farming,0
drought,0
endophytic fungi,0
wheat,0
α-amylase inhibitors,0
high-sugar diet,0
longevity,0
white tea aqueous extract,0
fresh produce,0
water quality,0
plant-based fermentation,0
mangrove coastal management,0
microbiome-based interventions,0
bacillus licheniformis 2d55,0
carboxymethyl cellulase,0
enzyme,0
partial purification,0
oral ulcers,0
yeast fermentation,0
admet profiling,0
antidiabetic agents,0
bis(arylidene)cycloalkanones,0
a. platensis,0
antimicrobe,0
green synthesis,0
hyaluronic acid‐silver nanoparticle,0
mineral enrichment,0
biological indicators,0
biomonitoring,0
composite flour muffins,0
artocarpus altilis,0
degree of deacetylation,0
sustainable large-scale production,0
mucoadhesive hydrogel,0
natural preservative,0
accelerated solvent extraction (ase),0
multiple linear regression,0
low-carbon material,0
coatability,0
bio-asphalt,0
beta-carotene bio-oil,0
oil palm empty fruit bunches (opefb),0
mgcl2,0
nai,0
microcrystalline cellulose (mccs),0
white salted noodles,0
alternative material source,0
medical,0
extraction optimization,0
hydroxyapatite,0
nutrients,0
photobioreactor,0
chlorella vulgaris cultivation,0
biomass lipid,0
rainfall prediction model,0
rosa damascene,0
kratom,0
steam distillation,0
oxidative,0
shrimp preservation,0
total viable count,0
lightness,0
passiflora edulis,0
passion fruit,0
lead,0
laboratory,0
indoor dust,0
electron beam,0
membrane surface modification,0
methyl methacrylate,0
polyimide,0
radiation induced graft copolymerization,0
cancer,0
microbial,0
ph,0
index of geo-accumulation,0
sodium-free,0
carbon black,0
mitragynine,0
mesenchymal stem cell derived exosomes,0
time-series analysis,0
freshwater ecosystem,0
stable isotope signatures,0
trophic level,0
tropical freshwater,0
resin moulding methods,0
benzo[a]pyrene removal,0
natural catalysis,0
persulfate activation,0
soil remediation techniques,0
tropical soil chemistry,0
phenolic resins,0
functionality,0
controlled biodegradation,0
sweet thai chili sauce,0
food neophobia scale,0
insect phobia scale,0
malaysian,0
migratory locust,0
willingness to consume,0
food items,0
neural prophet,0
adipokines,0
facebook prophet,0
gas chromatography-ion mobility spectrometry,0
geographical origin,0
near-infrared spectroscopy,0
palm oil traceability,0
ci engine,0
combustion,0
emission,0
palm biodiesel,0
performance,0
nir,0
refined bleached deodorized palm oil,0
used oil,0
immune cells,0
immune infiltration,0
mendelian randomization,0
salt substitutes,0
sensory evaluation,0
resole,0
arima,0
water absorption,0
skincare,0
molecular forces,0
oil palm yields,0
san/abs/pc,0
sem,0
surface roughness,0
non-diabetic,0
diabetic,0
beetroot phytochemicals,0
beetroot powder,0
drying techniques,0
iron retention,0
mushrooms,0
fluoride,0
web application,0
eddy covariance,0
energy fluxes,0
era5,0
statistical downscaling,0
tropical coast,0
atmospheric surface layer,0
latent heat,0
sensible heat,0
light transmittance,0
magnesium,0
ion exchange resins,0
hardness removal,0
air pollution,0
cognitive development,0
heatwaves,0
arsenic,0
surface-modified tapioca starches,0
artificial neural networks (ann),0
cs-based materials,0
machine learning-assisted materials design,0
climate change mitigation,0
seagrass ecosystems,0
sustainable environments,0
bioproducts,0
diatom,0
sustainable bioindustries,0
bioprocess,0
bioreactor,0
environmental bioprocess,0
microbiology,0
calcium,0
tropical coastal sea,0
adaptogen,0
total flavonoid,0
agro-waste,0
wood preservation,0
waste heat recovery,0
sodium butyrate,0
sodium acetate,0
rubberwood,0
leachate,0
ixora coccinea curtis flower,0
gold nanoparticles,0
hazardous chemicals,0
odor pollution,0
degradation kinetics,0
metals,0
clostridium butyricum,0
strawberry preservation,0
polysaccharide stabilization,0
enzyme-like activity,0
butyric acid,0
biological activity,0
acetic acid,0
engine jacket water,0
combined cycle power plant,0
macroporous polymeric resin,0
fermented tea,0
enrichment,0
smart farming,0
roles,0
natural polymer,0
error matrix,0
rmse,0
roms model,0
sst,0
statistics,0
coating,0
precision herbal medicine,0
bioreactor and ammonia reduction,0
eco-friendly bio-spray,0
recycle natural materials,0
natural fiber,0
goat hair,0
advancements application,0
polyphenol,0
healthy beverage,0
environmental assessment,0
remediation technologie,0
oil-palm plantations,0
chitosan-based emulsions,0
polymer coatings,0
coconut water,0
endurance performance,0
anti-ageing,0
efficacy formula,0
foundation,0
makeup,0
marine algae,0
industrial effluent,0
pore size,0
control region,0
porous β-tcp granules,0
calophyllum andersonii,0
calophyllum recurvatum,0
coumarins,0
bioactive compound,0
phytochemical,0
freshness,0
waste biomass,0
plant-based coagulant,0
wax–polymer interactions,0
pollutants,0
food waste compost,0
net greenhouse gas emissions,0
ultrasound,0
pharmacy,0
phenylacetic acid,0
phenylalanine,0
phenyllactic acid,0
phenylpyruvic acid,0
metabolite profiling,0
tyrosine,0
pea proteins,0
integrated weed management,0
integrated crop-livestock,0
waste generated,0
silver,0
food sector,0
refrigerated beef,0
waste disposal sites,0
tourism products,0
organic waste treatment,0
organic waste management,0
banana wastes,0
river water,0
natural coagulant,0
clothoid,0
population data,0
robot simulation,0
mtdna,0
aermod,0
air pollution modeling,0
dispersion,0
energy recovery,0
landfill gas emissions,0
kedayan,0
blue carbon,0
global warming,0
halophila ovalis,0
multiple stressors,0
nutrient enrichments,0
photosynthesis,0
dispersion modeling,0
gis,0
landfill,0
waste transportation vehicles,0
degree of substitution,0
video camera,0
green modification,0
perspective transformation,0
biocomposite films,0
banana peels,0
hydropuntia sp,0
marine food,0
polysaccharides,0
cellulose surface modification,0
bio-based polymers,0
amphiphobic surfaces,0
porous starch,0
starch carrier,0
starch modification,0
acetyl groups,0
corn starch,0
hydroxypropylation,0
clothoid curved,0
differential drive robot,0
motion path analysis,0
acetylation,0
path tracking,0
network pharmacology,0
reflexive thematic analysis,0
hsp90ab1,0
watermelon rinds,0
physical treatment,0
riverbank filtration (rbf),0
lignocellulose,0
steaming,0
phytochemical compounds,0
sensory characteristics,0
pumpkin powder,0
enzymatic analysis,0
saccharification,0
rates of detachment,0
biomass processing,0
management,0
rates of attachment,0
surface-active latex,0
sludge capturing process,0
antioxidant activities,0
annatto powder,0
fat substitution,0
agro-wastes,0
aspergillus niger hfm 8,0
cellulase,0
carbohydrate valorization,0
sustainable resources,0
waste frying oil (wfo),0
menara razak and residensi tower,0
functional foods,0
xhr fesem,0
silica,0
hypoglycaemic activity,0
algae-derived peptides,0
bioactive functionalities,0
computational technology,0
structure–activity relationships,0
kinetics and thermodynamics,0
camelus dromedaries,0
seaweed biopolymer,0
rice husk-derived silica nanoparticles,0
raman spectroscopy,0
interfacial interactions,0
scopus,0
ion exchange membranes,0
bibliometric,0
biodegradable nanocomposites,0
pomelo peels,0
ssf,0
pectinase,0
quick-cooking cereals,0
hydrogen peroxide,0
recovery,0
microbial fuel cell (mfc),0
thiosulfate,0
yield,0
contamination,0
eri,0
drinking water,0
resistivity,0
deflection,0
experimental modal analysis (ema),0
natural frequency,0
vaginal microbiota,0
hpv-positive women,0
fungal,0
bacterial,0
dioxins,0
dl-pcbs,0
particulate mass,0
rehydration kinetics,0
oat rice,0
pumpkin–carrot matrix,0
gold,0
glucono-delta-lactone (gdl),0
staphylococcusspp,0
safety,0
pyrogenic minerals,0
nano-rhizosphere,0
crop resilience,0
bacillusspp,0
nrl film,0
coagulant-assisted,0
bioactive compounds,0
endophytes,0
nigrospora species,0
swietenia macrophylla king,0
konjac,0
composite hydrophobic nanocoating,0
antracol,0
anthracnose,0
environmental impacts,0
animal-based composite,0
wind directions,0
sustainable water resources development,0
pnc,0
adaptive laboratory evolution,0
calcareous soil,0
mineral elements,0
breeding waste compost,0
intensified microbubbles,0
flocs,0
flocculation index,0
mutagenesis,0
clostridium,0
biobutanol,0
abe fermentation,0
running water types,0
alginate,0
biogenic caco3,0
bisphenol a,0
magnetic nanoparticle,0
oyster shell,0
polypyrrole,0
electrocoagulation,0
acoustic absorption,0
bio-composite materials,0
social sustainability,0
oil palm livestock system,0
integrated crop livestock,0
economic sustainability,0
cellar spider,0
morphological study,0
synthesis nanoparticles,0
aquifer characteristics,0
aware model,0
hydrocarbon,0
paddy irrigation,0
pumping well yield,0
food waste digestate,0
soil enzyme,0
nutrient bioavailability,0
fulvic acid,0
aquifer stability and characteristics,0
in-situ pumping test,0
esd,0
mathematical communication skills,0
problem-based learning,0
sdgs (no-poverty),0
sedekah,0
transboundary haze,0
quantile regression,0
predictive analytics,0
goose dung compost,0
solid organic wastes,0
biodegradable packaging,0
energy audit,0
building energy intensity (bei),0
mechanical systems noise control,0
micro-perforated panel (mpp),0
sustainable engineering materials,0
heis,0
education systems,0
bioeconomy,0
geochemistry,0
late cretaceous-paleocene,0
luk ulo complex,0
metagranite,0
metapsammite,0
u–pb zircon dating,0
bioactive peptides,0
diabetes management,0
groundwater and rainwater contamination,0
peat addition,0
upskilling,0
hybrid modelling techniques,0
duck dung compost,0
refinery oily sludge,0
seed germination,0
phbv biocomposites,0
cow dung compost,0
physical hazard,0
oil and gas,0
occupational safety and health,0
talent development,0
reskilling,0
national needs-to-skill alignment,0
innovative education models,0
higher education institutions,0
chemical hazard,0
biological hazard,0
energy conservation measures (ecm),0
acid hydrolysis,0
pullulanase,0
starch nanocrystal,0
starch nanoparticle,0
peatland fires,0
operational deflection shape (ods),0
drying temperature,0
fermentation ability,0
carbonization,0
structural applications,0
bioethanol fermentation,0
budding yeast,0
ethanol concentration,0
ethanol fermentation,0
ethanol production,0
ethanol tolerance,0
ethanol yield,0
fermentation capability,0
activation,0
fermentation efficiency,0
organic substrate,0
organic waste,0
sugar utilization,0
biohydrogen,0
biomethane,0
palm oil industry,0
fly ash,0
metal ions,0
char,0
plastic waste,0
thermal stability,0
rad50 gene,0
risk factors,0
psychological distress,0
prevalence,0
mental health,0
bamboo-based composites,0
self-healing,0
characterization techniques,0
natural preservatives,0
anaerobic digester,0
centralized controller,0
protein extraction,0
mimo,0
multi-objective,0
nsga-ii,0
rga,0
bamboo fibre,0
particles size,0
morphology,0
polyester,0
water pollution,0
palm oil mill effluents,0
bamboo composites,0
magnesium oxide,0
plant latex proteases,0
thrombin-like enzymes,0
ethylene glycol,0
sustainable health,0
poisoning,0
computational social science,0
halal,0
social science,0
poison reagent,0
malaysia national poison center,0
household chemical products,0
socioecological conflicts,0
arthropods,0
multidimensional vulnerabilities,0
jaffna peninsula,0
dna repair,0
human,0
in-silico,0
rad50,0
hemostatic activity,0
nanofluids,0
alternative material,0
biovalorization,0
polyethylene terephthalate,0
graphite,0
ul-94,0
environmental engineering,0
toxic waste,0
mutagenicity,0
bioconversion,0
biofertiliser,0
brassica juncea,0
germination,0
bio-valorization,0
biomass fuel,0
empty fruit bunch (efb),0
palm oil mill effluent (pome),0
environmental chemical engineering,0
biological waste treatment,0
conductive ink,0
danio rerio,0
biorefinery,0
fibre,0
biomarker,0
mucosal immunity,0
mangrove marine pollution,0
lactiplantibacillus,0
gut-lung axis,0
bifidobacterium,0
metagenomics,0
gut–lung axis,0
gastrointestinal infections,0
bifidobacterium longumsubsp.infantisb8762,0
water resource aquatic toxicology,0
safe clean water source,0
ecological risk,0
biosensors,0
aquatic organisms,0
public awareness,0
non-governmental organisation (ngo),0
fermented foods,0
nano-biosensors,0
healthcare professionals,0
indoor air quality (iaq),0
antimicrobial stewardship program (asp),0
green microbial nanotechnology,0
recurrent respiratory tract infections,0
rock melon,0
physicochemical quality,0
pasteurization,0
infant gut microbiota,0
immune homeostasis,0
biopurification,0
biosorbent,0
composite biosorbents,0
fe3+ crosslinking,0
bifidobacterium infantis,0
short term travel,0
antibiotic resistant genes,0
spillway,0
computational fluid dynamic (cfd),0
pressure,0
velocity,0
meat quality,0
comprehensive strength,0
delayed ettringite formation,0
sulphate reduction,0
waste concrete aggregate,0
bifidobacterium infantis ylgb-1496,0
environmental remediation,0
biosynthesized nanoparticles,0
air purification,0
phytotoxicity assessment,0
sugarcane vinasse,0
antibiotics,0
atm protein,0
dna damage,0
mrn complex,0
anomaly detection,0
edible bird’s nest (ebn),0
thermoplastic polyurethane,0
microemulsion formulation,0
military applications,0
dental caries,0
antimicrobial innovation,0
impurity segmentation,0
intensity inhomogeneity (iih),0
β-variational autoencoder (β-vae),0
materials application,0
signaling,0
prognosis,0
expression,0
reusability,0
kinetics study,0
uhplc-dad,0
hybrid photocatalytic sequencing batch biofilm reactor,0
in vitro cell viability study,0
agro-food organic residues,0
biodegradable materials,0
hybrid fillers,0
skin gelatine,0
discriminant analysis,0
feed conversion ratio,0
broiler chickens,0
circular economy principles,0
antimicrobial resistance (amr),0
sustainable development goals (sdgs),0
zea mays l,0
saccharum officinarum l,0
goat manure,0
bio-coated fertiliser,0
topical drug delivery,0
niacinamide,0
kapok fibres,0
alkali solvent,0
amino acids,0
