Keyword,Total Citations
antibacterial,278
adsorption,272
biopolymers,268
aerogels,263
drug deliveries,210
nanocelluloses,210
sustainable packaging,183
bioplastic,168
inorganic contaminant,168
lead,168
starch-based adsorbents,168
nanoscale structures,168
advanced separation technologies,168
cellulose,164
aerogel,162
heavy metals,156
biopolymer,153
dyes,143
water treatment,143
biochar,139
pollutant,138
bioaerogel,137
biodiesel,136
polymer composites,134
fermentation,134
spent coffee grounds,130
biomaterials,124
n/a,120
lignin properties,117
lignin utilization,117
technical lignin,117
seaweed,115
renewable resources,115
polymers,113
nanocellulose,112
lignocellulosic,110
reinforced bioplastic,110
bioink,108
mechanical properties,106
fungi,105
crude glycerol,102
grid resilience,101
artificial intelligence (ai),101
energy optimisation,101
smart grid integration,101
policy and regulation,101
hydrogen energy,101
active packaging,93
wastewater,91
deep learning,86
sustainable materials,84
environment,84
functional compounds,82
green chemicals,82
intelligent packaging,82
green extraction,82
wastewater treatment,79
thermal properties,78
biomass,78
chemical modification,76
bast fiber nonwoven,76
biocomposites,75
biocomposite,73
encapsulation,72
composite,71
probiotics,71
modulus,70
dma,70
sugar palm fiber,70
reinforcement,69
protein quality,69
chitosan,68
health,66
bio-composite,66
sustainability,65
natural fibre,65
cancer,64
bacteriocins,64
nanoparticles,63
5-fluorouracil,62
leather substitutes,62
leather alternatives,62
necroptosis,62
gemcitabine,62
etoposide,62
paclitaxel,62
cisplatin,62
doxorubicin,62
biogenic leather,62
nanocomposite film,62
microfiller,62
food packaging,62
vegan leather,62
water barrier properties,62
pyroptosis,62
apoptosis,62
thermoplastic starch,61
bioremediation,61
thermal insulation,60
antioxidant,59
biodegradation,59
spent mushroom substrate,58
food,58
starter,57
biofiller,57
human,57
pediococcus,57
biofuel,57
green materials,57
anaerobic digestion,57
animal,57
smart food packaging,55
single-use,55
lentil proteins,55
disposable food packaging,55
digestibility,55
renewable energy,53
environmental sustainability,53
sustainable utilization,53
contaminants,53
future insight,53
biochar hazard,53
phbv,51
tga,50
functionalized nanocellulose,50
degradation,50
thermal stability,50
machine learning,50
biodegradability,47
energy storage,47
nanotechnology,45
food industry,45
microplastics,45
eco-friendly,45
protein digestibility,44
fibers,44
building insulation panel,44
interactions,44
parameterization,44
natural waste,44
physico-chemical properties,44
bias correction,44
wrf model,44
biodegradable,44
pharmaceutically active compounds,43
pollution,43
drug compounds,43
biomass waste,42
nano turmeric loaded,42
mycelium,42
pleurotus ostreatus,42
compatibility,42
rubber wood sawdust,42
tissue scaffolds,42
waste to energy,42
molecular docking,42
sample preparation,41
coffee waste,41
biochar applications,41
lipid-based delivery,41
food matrix,41
green composite,41
biopolymer based delivery,41
delivery vehicles,41
soxhlet extraction,40
scenedesmus parvus algae,40
casein proteins,40
capturing,39
colloidal,39
lignocellulosic biomass,39
surfaces,39
cellulose nanofiber,38
oil palm empty fruit bunch,38
agriculture,38
sugar palm fibre,37
box–behnken design,37
biomass fuel,37
feedstock,37
gamma aminobutyric acid,37
gaba,37
functional food,37
plant-based food,37
particle swarm optimization,36
freeze–thaw,36
thermal,36
additives concentrations,36
solar bioreactor,36
anaerobic co-digestion,36
low-velocity impact,36
biopolymer composites,36
zno,36
mixed substrates,36
artificial neural network,36
impact,36
biological treatment,35
solubility,35
plant-based proteins,35
palm oil empty fruit bunch,35
water resistant,35
physicochemical properties,34
kenaf,34
lignin nanoparticles,34
yield,33
tyrosinase inhibitory activity,33
sun protection factor,33
oil palm,33
pectin,33
yield prediction,33
hydrogenases,32
non-nutritive compounds,32
clostridium and e. coli,32
biohydrogen,32
alternative energy,32
energy recovery,32
biochemical pathways,32
influencing factors,32
net energy potential (nep),32
functionalization,32
biocompatibility,32
biogas,32
nanoemulsion,32
membrane reactor,32
edible film,32
acid modification,30
osa modification,30
spent coffee ground,30
lactic acid bacteria,30
acetylation,30
dry heating,30
potato starch,30
refining,30
α-glucosidase,29
empty fruit bunch,29
pickering emulsion,28
flammability,28
antioxidant activity,28
edible coating,28
extraction,28
lignocellulose biomass,28
fire resistance,28
food safety,27
azolla filiculoides,27
production,27
third oil generation,27
ulva lactuca,27
waste frying oil,27
applications,27
natural fibers,27
trehalose,27
thermoplastic elastomer,27
freshness monitoring,26
lycopene,26
scenedesmus parvus,26
deep eutectic solvent,26
bioaccessibility,26
emulsifier,26
lecithin,26
magnetic graphene oxide,26
magnetic nanoparticles (mnps),26
drug delivery,26
intelligent film,26
porous materials,26
solid phase extraction,26
sodium caseinate,26
biofeedstock,26
coccomyxa dispar,26
biopolymer film,26
nanodispersion,26
cellulose nanofibers,26
environmental applications,26
agricultural activated carbon,26
modification,26
bioenergy,25
bioresource based products,25
health care,25
emerging pollutants,25
supercritical co2,24
cleaner approach,24
isolation,24
spent coffee,24
environmental application,24
polyhydroxyalkanoate,24
methylene blue,24
green products,24
hemodialysis,24
additive manufacturing,24
supercritical treatment,24
carboxymethyl cellulose,24
bacillus spp,24
municipal solid waste,24
lignocellulolytic bacteria,24
cellulase,24
water solubility,24
essential oil,24
biomass conversion,23
antimicrobial,23
water kefir-assisted fermentation,23
rheology,23
structural interaction,23
trimetallic nanoparticles,23
wound healing,22
fibrillation,22
modification technique,22
sandwich,22
microalgae,22
sorption,22
oil spill,22
photocatalysis,22
bioaerogels,22
chemotherapy,21
microcrystalline cellulose,21
ferroptosis,21
microwave pyrolysis,21
whey proteins,21
pesticides,21
cuproptosis,21
cancer treatment,21
cell death,21
energy sustainability,21
phenol,21
2,21
bio-oil yield,21
purification,20
macroalgae,20
hybrid composites,20
antidiabetic,20
glass,20
toxicity,20
protein structure,20
polymer matrix composites,20
cellulose nano fibers (cnf),19
human-dermal fibroblast,19
nicotinamide,19
skin-tissue,19
chitosan (cs),19
cinnamon essential oil (ceo),19
bioink-dna interaction,19
photocatalyst,19
fatty acids,19
bpa,19
polysulfone,19
nanocomposites,19
yttrium,19
humic acid,19
3-d bioprinting,19
water kefir,19
caffeine,19
cytotoxicity,19
bionanocomposite,19
unbleached cellulose,18
quinoa protein concentrates,18
metal oxide,18
dermal drug delivery,18
molecular dynamics simulation,18
polyvinyl alcohol,18
garcinia atroviridis,18
fruit extract,18
saponins,18
cellulose hydrogel,18
pome,18
mechanical,18
celastrol,18
fe-co–cu,18
bionanocomposites,18
phenolic compounds,18
affinity ultrafiltration,18
black soybean,18
kappa-carrageenan,18
isoflavone,18
hydrophobicity,18
permeability,17
terpenes,17
ch4,17
starch,17
co2 reduction,17
crystallinity,17
physical properties,17
fertilizer delivery,17
slow release,17
vaginal yeast infection,17
polyhydroxybutyrate,17
soil fertilizers,17
α-amylase,16
nutrient removal,16
biopolymer aerogels,16
thermal conductivity,16
porose material,16
soda pulping,16
ganoderma lucidum,16
plastic,16
facile approach,16
high-performance packaging,16
sustainable biofilms,16
multifunctional properties,16
inflammation,16
autohydrolysis,16
palm kernel shells,16
organochlorines,15
ultrasonication,15
deep eutectic solvents (des),15
aspergillus niger,15
ionic liquids (il),15
green analytical procedure index (gapi),15
recycling waste,15
green analytical chemistry (gac),15
carbamates,15
complex environmental matrices,15
potato strips,15
organophosphate,15
acrylamide,15
oil uptake,15
oxidative stability,15
pyrethroid,15
southeast asian,15
pesticide transport,15
tarragon,15
zataria multiflora boiss,15
analytical eco-scale (aes),15
analytical greeness calculator (agree),15
magnetite,14
enhancement,14
sago starch,14
oxidative stress,14
nanofluid,14
kopsia teoi,14
cinnamon nanoparticles,14
biopolymer films,14
plant fibers,14
microorganisms,14
microbial,14
starch nanocrystal,14
challenges,14
metal,14
lauroyl chloride,14
esterification,14
reduced graphene oxide,14
wound dressing,14
biofilm,14
palm oil mill effluent,14
mwcnts,14
palm kernel shell,14
mxene,14
natural deep eutectic solvents,14
morphological analysis,14
pretreatment,14
rice bran,14
food engineering,14
aging,14
enzyme,14
groundwater,14
thermogravimetric analysis,14
superheated steam,14
optimization,13
tissue engineering,13
protein-based coatings,13
chicken by-product waste,13
fungicide,13
anthracnose,13
complexation,13
response surface methodology,13
membrane technology,12
melamine,12
lactobacilli probiotics,12
transesterification,12
artificial kidney,12
dehumidification,12
blood purification,12
desiccant paper,12
moisture absorption,12
natural waste fiber,12
microstructure,12
reuse,12
whey protein isolate,12
drug delivery system,12
cryogel,12
epichlorohydrin,12
perlite,12
precool method,12
regenerated cellulose,12
soil,12
soilless,12
mycelium composites,12
failure factors,12
biofabrication challenges,12
heavy metals removal,12
isotherm modeling,12
marine,12
polymeric material,12
vaginal microenvironment,12
pandan leaf,12
3d x-ray imaging,12
bioinks,12
burkholderia ambifaria strain e5-3,12
betel leaf,12
fed-batch fermentation,12
3d printing technology,12
oil palm trunk,12
macroporous resin,12
mixed matrix hollow fiber membrane,12
ganoderma neo-japonicum,12
dope extrusion rate,12
air gap,12
flavonoid,12
inhibitor tolerance,12
iron oxide nanoparticle,12
durian peel waste,12
hormone,12
industrial effluent,12
molasses,12
pharmaceuticals (phacs),12
toxin removal,12
chitin nanofiber,11
andrographis paniculata,11
in vitro,11
western ghats,11
in vivo,11
healing agent,11
therapeutics,11
behavioural test,11
chitin nanocrystal,11
materials science engineering,11
andrographolide,11
cortisol analysis,11
diabetes,11
probiotic,11
chronic unpredictable stress,11
toxicity test,11
pufa,10
metabolome,10
kombucha,10
clean fermentation,10
bacterial-cellulose,10
corrosion inhibitor,10
electrochemical,10
mild steel,10
green solvent,10
chlorella sp,10
symbiosis,10
algal immobilization,10
gelatin,10
isoxazole,10
etching route,10
molecular modelling,10
quinoxaline,10
hard template,10
porous photocatalyst,10
soft template,10
topotactic transition,10
anti-hyperglycemic,10
wastes,10
agglomerations,10
crosslinking,10
microbial identification,10
lignin,10
porose materials,10
anhydride modification,10
non-woven bast,10
membrane,10
hydrogel,10
polymer,10
polymer blend,10
oil palm frond,10
water kefir grains,10
low-grade chronic inflammation,10
obesity,10
cellulose derivatives,10
fruit peel,10
tropical fruit,10
therapeutic potential,10
abaca fiber,10
ultrasonic vibration bath,10
hydrogel bead,10
by-products,10
microplastic,10
microbial fuel cell,10
biodiesel production,10
pathogenic bacteria,10
cellulose nanocrystal,10
translocation,9
cell wall,9
traditional plants,9
chemical mixture,9
fruit waste,9
enzymolysis,9
absorption,9
total soluble solids,9
durian seeds,9
compressive strength,9
porosity,9
durian rinds,9
phytochemicals,9
crosslinked polymer,9
reutilization,9
trend,9
immunosuppression,9
infoval,9
immunostimulation,9
value-added ingredients,9
materials structure,9
tissue regeneration,9
environmental pollutants,9
bioaccumulation,9
modified biochar,9
4-dichlorophenoxyacetic acid,9
immunomodulation,9
water reuse,9
breast milk,9
paddy,9
landslide,9
characteristics,9
biomedical applications,9
bioceramic,9
susceptibility,9
materials chemistry,9
ceramic coating,9
fractal,9
souss-massa mountainous basin,9
hotspots,9
disaster informed,9
economy,9
characterizations,9
microbial enzyme activities,9
film,9
biomolecules,9
rice,9
bacillus cereus,9
yeast extract,9
food security,9
portland cement,9
bioengineering,9
keratin,9
climate change impact,8
waste management,8
electricity generation,8
oil analysis,8
nigella sativa,8
hospital wastewater,8
protein alteration,8
black cumin,8
nanofiltration,8
pharmaceutical residue,8
sewage treatment plant,8
health functionalities,8
green material,8
skin,8
sprague-dawley rat,8
pettitt,8
green technology,8
merra-2,8
10-hydroxydecanoic acid,8
farmers,8
kerala,8
empty fruit bunch fiber,8
rate of change,8
chicken manure,8
air temperature,8
wound healing properties,8
spray drying,8
bio-oil,8
starch biocomposite films,8
theil-sen,8
physicochemical evaluations,8
bibliometrics,8
microencapsulation,8
chilli,8
diabetic nephropathy,8
cellulose and other wood products,8
uv-protection,8
biopolymer matrix,8
sebacic acid,8
gas transport,8
carbohydrate,8
klebsormidium flaccidum,8
heat flux,8
bajakah tampala extract,8
essential oils,8
aspergillus flavus,8
natural fiber,8
biosynthesis of polymers,8
active packaging film,8
fibrosis,8
human renal tubular epithelial cells,8
marine microalgae,8
nannochloropsis oculata,8
nanoreinforcement,8
permeability properties,8
hyperglycemia,8
tortuous path model,8
casein,8
synthesis and processing techniques,8
calcium phosphate,8
sandwich composite,8
guided bone regeneration (gbr),8
eichhornia crassipes,8
trans-10-hydroxy-2-decanoic acid,8
royal jelly,8
guided tissue regeneration (gtr),8
non-absorbable,8
absorbable,8
barrier properties,8
regenartive farming,8
paddy production,8
metabolites,7
factor,7
learning environment,7
usage,7
academic performance,7
filler,7
climate change,7
compositing,7
structure properties,7
food wastes,7
volatile fatty acid,7
morphology,7
lysinibacillus sp. lc 556247,7
fate,7
hplc,7
environmental pollution,7
conjugation,7
bone remodelling,7
metabolic pathways,7
fe–ni–zn,7
chemical composition,7
carbofuran,7
ultrafiltration,7
fatty acid,7
fe–co–zn,7
3d printing,7
submerged fermentation,7
physiochemical parameters,7
multiple correspondence analysis,7
mapping,7
tmnps characterisation,7
pectinase,7
bioproduct,7
tropical oysters,6
landsat-7,6
modis,6
deep neural network,6
rice starch,6
cacl2,6
salt-gelatinization,6
fiber,6
ndvi,6
shucking,6
cellulose nano crystal,6
stability,6
non-wood biomass,6
bionanocomposite film,6
isolation process,6
dissolving pulp,6
oral pathogen,6
ionic liquid-based aqueous two-phase system,6
inhibitory activity,6
bacteriocin-like inhibitory substance,6
oil palm biomass,6
soil quality rehabilitation,6
earthworm abundance,6
ecological services,6
economic value,6
polylactic acid,6
mixed matrix membrane,6
photocatalytic activity,6
pain,6
muscle release,6
meat detachments,6
circular economy,6
bisphenol a,6
flavonoid c-glycosides enriched extract,6
nanoemulgel,6
oil palm (elaeis guineensis jacq.) leaf,6
glycerol,6
cooking qualities,6
acetic acid,6
activated carbon,6
nanoparticle,6
calcium chloride,6
rheumatoid arthritis,6
visible light,6
livestock integration strategies,6
anova,6
catalyst,6
polymer blend composite and 3d printing,6
jujube fruit,6
alginate biopolymer,6
salt-coated yellow alkaline noodles,6
sodium distribution,6
extracted lignin,6
acidification,6
glucono-delta-lactone,6
green-labelled ingredient,6
lactobacillus,6
ammonia reduction,6
shelf-life extension,6
poly (lactic acid),6
waste,6
activation time,6
silver nanoparticles,6
response surface methodology (rsm),6
algae biomass,6
anticancer,6
soil-plant system,6
algae cultivation,6
greenhouse gas emission,6
biodiesel feedstock,6
dual-layer hollow fiber membrane,6
ethanol,6
poly (butylene-adipate-terephthalate),6
persian gum (insoluble part),6
liquid phase,6
electricity production,6
marble,6
β-glucan,6
octenyl succinic anhydride,6
bacillus subtilis,6
cockle shell,6
desiccant,6
coumarin,6
grain,6
constipation,6
phosphoric acid,6
dairy foods,6
soil remediation,6
dairy-based lactic acid bacteria (lab),6
electrocatalysts,6
guar gum,6
oxygen reduction reaction (orr),6
hemicellulose,6
microbial fuel cells (mfcs),6
phenolic compound,6
bead,6
jujube alcohol extract,6
crops productivity,6
oil palm management practices,6
lipid productivity,6
modified sodium alginate,6
complementary and alternative medicine,6
central composite design (ccd),6
empty fruit bunches,5
models,5
anaerobic digestion (ad),5
nuts,5
sustained release,5
naltrexone,5
injectable hydrogel,5
phytoremediation,5
protein,5
gut microbiota,5
disulfiram,5
magnetoelectric,5
metagenomic analysis,5
acidified chlorite,5
rho gtpases,5
morphological properties,5
carboxyl groups,5
structural properties,5
totally chlorine free,5
stress resistance,5
nitrocompounds,5
pediococcus pentosaceus,5
adhesives,5
hydrogels,5
solid surfaces,5
toughness,5
core-shell,5
membrane bioreactor,5
electrospinning,5
quorum sensing,5
zeolite,5
biogas production,5
human pose estimation,5
microbial community composition,5
poultry waste,5
size reduction,5
synergistic ratio,5
ultrasonic pretreatment,5
anammox,5
microbial community,5
nitrogen removal,5
malaysia,5
partial nitrification,5
salinity,5
advanced oxidation process,5
dataset,5
chemical properties,5
nanofibers,5
industrial and innovation,5
sustainable energy source,5
technoeconomic analysis,5
2d,5
circularity,5
body parts,5
response surface method (rsm),5
microbiota,5
iron,5
chemical interactions,5
swelling capacity,5
antifungal activities,5
hazelnut,5
eremothecium coryli,5
metabolomic analysis,5
rossellomorea sp,5
pangenome,5
napier grass,5
iron-oxidizing bacteria,5
retraction force,5
surface selective dissolution,5
self-reinforced composite,5
interfaceless,5
all-cellulose composite,5
autoimmune,5
vosviewer,5
paraquat,5
separation,5
biomethane production,5
environmental health,4
freshwater,4
environmental protection,4
plastic pollution mitigation,4
baseline,4
microscopical view,4
waste generation,4
eddy covariance,4
acetic acid bacteria,4
biomass processing and applications,4
hydroponic,4
kenaf residues,4
rigid polyurethane foam,4
plant extract nanoemulsions,4
oxidation stability,4
microbial load reduction,4
frozen burger preservation,4
fermented pumpkin,4
saturated fat,4
mature coconut water,4
palm oil mill effluent treatment,4
bioprocess,4
yeast,4
solid waste,4
co2 flux,4
fatty acid composition,4
processed food,4
homogenization,4
street food,4
coconut milk,4
cellulose solubility,4
deep-frying,4
interfacial tension,4
shrinkage,4
surfactant,4
ansys,4
6,4
6-tetramethylpiperidine-1-oxyl radical,4
ultrasonic homogenizer,4
dissolution,4
saffron,4
maillard reaction,4
chia seed gum,4
5-hydroxymethyl-2-furfural,4
heavy metals contamination,4
dumpsites,4
beris lalang,4
trans fat,4
ultrasonic,4
environmental tax ethics,4
landfill leachate,4
blend films,4
climate,4
textural,4
boosted regression trees,4
cross-flow ultrafiltration,4
grid partitioning,4
xylitol,4
xylose reductase,4
terpenes delivery system,4
staphylococcus aureus,4
multidrug-resistant (mdr) bacteria,4
efflux pump inhibitors,4
energy consumption,4
climate variability,4
tumor cells,4
antibiofilm,4
ex situ,4
fate of pesticides,4
in situ,4
monsoon,4
electrochemical performance,4
calophyllum lanigerum,4
chromanone acids,4
xanthones,4
tricalcium phosphate,4
lithiated cathode materials,4
anti-candida,4
controlled delivery,4
bottom outlet,4
carbon nanotubes,4
superheated steam drying,4
solvent-free,4
monoglycerides,4
enzymatic,4
biodiesel-derived crude glycerol,4
scanning electron microscopy,4
papaya powder,4
hygroscopicity,4
anti-hyperglycaemia,4
indole alkaloid,4
carboxylic acid,4
beef tallow,4
anticancer drugs,4
blended bioplastic,4
lipid extraction,4
vaginal infections,4
pregnant women,4
immuno-modulation,4
architectures,4
mimicking organs,4
scaffolds,4
subcellular structures,4
(non)linear regression,4
adaptive neuro-fuzzy inference system,4
solid oxide fuel cell,4
symmetrical cell,4
personalization,4
thermal analysis,4
short-chain fatty acids,4
water remediation,4
wetland plants,4
shariah perspective of zakat,4
shariah perspective of taxes,4
oil palm leaf,4
fluid-structural interaction,4
livelihood strategies,4
composites,4
magnesium,4
paederia foetida stem fibers,4
tribological,4
4-d,4
titanium dioxide,4
coastal reclamation,4
livelihood assets,4
resilience,4
small-scale fisheries,4
nanocomposite,4
municipal wastewater,4
pharmaceuticals,4
sodium alginate,4
fluid flow dynamic,4
computational fluid dynamics (cfd),4
functional constipation,4
preparation,4
metabolomics,4
ldm and sem-edx techniques,4
cellulolytic ability,4
consortia,4
palm mesocarp fiber,4
phenanthrene,4
best sustainable practice,4
soil sample preparation,4
sandy texture,4
antimicrobial agents,4
mineral compositions,4
cattle grazing,4
hybrid,4
benzo(a)pyrene,4
date fruit seed,4
direct red 28,4
phytotoxicity,4
herbicide,4
weeding management,4
mrsa,4
gc-ms,4
e. alte,4
bioflavonoid,4
bacillus species,4
antioxidant capacity,3
lettuce,3
stochastic frontier analysis,3
quality,3
catalytic co-pyrolysis,3
technical efficiency,3
industrial solid waste,3
endogenous hormones,3
far-red light,3
data envelopment analysis,3
textile waste,3
deposition,3
dicalcium phosphate dihydrate,3
energy-efficient lighting systems,3
energy-efficient systems,3
low carbon buildings,3
sustainable energy technologies,3
sustainable hvac,3
thermal energy-efficient systems,3
urban geography and urbanism,3
antibiotic-resistant bacteria,3
supercritical co2 sterilization,3
potential treatment,3
oral administration,3
hpv clearance,3
gut-vaginal axis,3
characterization,3
vibration-induced electrodes,3
plate resistance,3
particles distribution behaviour,3
coagulation-flocculation kinetic,3
reversibility,3
manganese,3
flow battery,3
electrolyte engineering,3
meta-regression analysis,3
eco-cities design and planning,3
algae,3
waste recovery,3
blend,3
raw seaweed,3
patchouli waste fiber,3
lignin extraction,3
circular bioeconomy,3
semi-refined carrageenan,3
dye removal,3
fungal inhibition,3
photo catalyst,3
sensory properties,3
electrocoagulation,3
physical,3
curdlan,3
canned dodol,3
tilapia,3
molecular weight,3
hard capsule,3
gelatine,3
gel strength,3
characterisation,3
filament,3
fused deposition modeling,3
extensibility,3
imitation cheese,3
oil absorption,3
surface modification,3
skin care,3
cosmetic applications,3
biocompatible,3
structural integrity weakening,3
microbial plastic degradation,3
heterotrophic microbes,3
additives,3
dysphagia,3
healing,3
ecm remodeling,3
biomimetic 3d scaffolds,3
biochemical analysis,3
angiogenesis,3
mozzarella cheese,3
green packaging,3
stringiness,3
stretchability,3
patchouli,3
microparticle,3
extracted residue,3
aquaculture,3
glutaric acid,3
synergy,3
animal-based proteins,3
complex coacervation,3
sanitizing,3
rambutan leaf extract,3
antibacterial activity,3
tragacanth,3
sorghum bread,3
gluten-free,3
potato,3
microbiology,3
active coating,3
differential drive,3
mobile robot,3
motion planning,3
circular arcs,3
robot simtion,3
shelf life,3
azelaic acid,3
april,3
biobr,3
baff,3
ciprofloxacin,3
photofunctional materials,3
human health,3
pomes,3
spectroscopy,3
nanoscale,3
ftir,3
bio-silicates,3
dual-layer hollow fibre membrane,3
lead adsorption studies,3
lead removal,3
waste cockle shell,3
natural iron,3
polycyclic aromatic hydrocarbons,3
tropical soil,3
energy,3
receptors,3
immunological disorders,3
bibliometric analysis,3
date palm,3
cheese,3
growth,3
advanced glycation end products,3
tyramine,3
indoor air quality,3
hydroxyapatite,3
collagen,3
fertilizer,3
histamine,3
hazard quotient,3
hazard index,3
black tea,3
life cycle assessment,3
sustainable management,3
protected area,3
ecosystem services,3
hydrophilicity,3
threats,3
economic valuation,3
weight,3
soil compaction,3
soil biodiversity,3
leaf litter weight,3
conservation,3
abundance,3
hazards,3
mechanisms,3
paraquat herbicide,3
binder,3
composite matrix,3
fuel briquette,3
root and tuber based starches,3
5-hydroxymethylfurfural,3
mechanical strength,3
pyrolysis,3
hazardous waste,3
secondary pollution,3
red mud,3
microalgal harvest,3
iron–aluminum composite coagulant,3
succinic acid,3
cell integrity,3
colloidal solution,3
coating,3
sulfated polysaccharide,3
soil co2 emissions,2
tropical peat,2
air–sea interaction,2
prebiotics,2
annual variations,2
sensor,2
structural,2
banana,2
peat subsidence,2
aqueous two-phase system,2
carboxymethylation reaction,2
pyrene,2
fruit drink,2
films,2
closed chamber,2
iron based catalyst,2
hematite,2
wheat,2
carbon dioxide,2
enso,2
surface fluxes,2
carbon sequestration,2
heterotrophic respiration,2
china,2
monsoon variability,2
antimicrobial powder,2
knowledge-attitude-practice (kap) model,2
sludge treatment,2
salmon,2
refrigerated storage,2
inelastic neutron scattering,2
mwcnt,2
forecaster model,2
corn steep liquor,2
bio-preservative,2
land use land cover,2
meteorological parameters,2
atmospheric co2 concentration,2
lactic acid bacteria (lab),2
ionic-liquid,2
natural disasters,2
rainfall,2
exopolysaccharides,2
atmospheric surface layer,2
non-covalent functionalization,2
industrial waste management,2
tropical coastal sea,2
atmosphere–ocean interaction,2
p3ht,2
chromanone,2
land use,2
thorium extraction,2
natural therapeutic agent,2
porous β-tcp scaffolds,2
mechanisms of action,2
lactoferrin,2
health benefits,2
bioavailability,2
environmental issues,2
thickener,2
instant rice porridge,2
and sustainable management,2
health benefit,2
bioflavonoids,2
bone remodeling,2
rheological,2
vitamin d3,2
magnesium starch nanomaterial,2
burkholderia metallica,2
column chromatography,2
controlled release,2
soy milk,2
cytotoxicity •,2
lipase,2
oxidation,2
microemulsion,2
omi/aura,2
uvi,2
spatial pattern,2
extreme rainfall,2
erosional dynamics,2
anti-bacillus,2
calophyllum,2
sensory,2
haze event,2
marine water quality,2
prediction model,2
mango,2
fruit rot disease,2
fruit quality,2
curvularia sp,2
peg grafted porous glass beads,2
source apportionment,2
neural network,2
health risk assessment,2
water ecosystem,2
collagen yield,2
marine source,2
optimization process,2
pepsin-aided extraction,2
safe water access,2
oregano essential oil,2
biobutanol,2
sustainable agriculture,2
hydrothermal carbonization,2
biogas power plant,2
anaerobic digestate,2
standardization,2
quality control,2
omics,2
polymeric hydrogel,2
triterpenoid saponins,2
terpenoids,2
herbal medicines,2
functional enrichment analysis,2
drugs,2
depression,2
particulate matters,2
urban air quality,2
tropical variability,2
biomass alteration,2
bacterial cellulose,2
drug pollution,2
phacs,2
toddlers,2
pharmacologically active compounds,2
antimicrobial resistance,2
small gtpase,2
nanoclay,2
delay ripening,2
chitosan coating,2
banana fruit,2
lactiplantibacillus plantarum,2
proteostasis,2
industrial wastewater,2
kinase,2
biosolids,2
energy forecast,2
cross-linking and nanoparticle,2
instrumental analysis,2
crystallinity index,2
correlation model,2
women,2
sewage sludge,2
thermochemical,2
glucose yield,2
risk assessment,2
pharmaceutical compounds,2
persistent organic pollutants,2
green technology treatment system,2
endocrine disruptors,2
social support,2
mesoporous biochar,2
buildings,2
maternal health,2
edible films,2
food waste,2
photocatalytic performance,2
bismuth ferrite,2
thermal insulator,2
microwave assessed,2
alkaline peroxide,2
delamination,2
dioxydanyl radical,2
efb,2
kinetics & thermodynamics,2
nano-functional,2
biominerals,2
resource-efficient,2
commercialization,2
manufacturing conditions,2
packaging,2
immunity,2
gut-brain-axis,2
paper,2
high-density polyethylene,2
corn tortillas packaging,2
optimization strategies,2
contaminated water,2
infections,2
diuron,2
scale-up,2
biomass feedstock,2
rsm,2
sustainable fuel,2
artificial intelligence,2
postpartum depression,2
reusability,2
zinc oxide,2
food extrusion,2
food texture,2
insulation,2
rambutan extract,2
microbial fuel cells,2
boron oxide,2
germanium oxide,2
food innovation,2
natural resources,2
pharmaceutical manufacturing,2
bone,2
biomaterial,2
bioactive ingredient,2
free radical,2
sustainable development,2
artificial,2
microcapsule,2
nutraceutical,2
materials in biotechnology,2
plant phytic acid,2
food drying,2
chemical treatments,2
bioresource-based products,2
edamame husk waste,2
green synthesis,2
organic acids,2
intervention,2
childbearing,2
emerging pollutant,2
thermosetting and thermoplastic,2
enzymes,2
treatment,2
calcium carbonate,2
composite materials,2
manufacturing,2
lignocellulosic fibre,2
pineapple leaf,2
piper sarmentosum roxb,1
bioprocessing,1
nsp1,1
functional food industries,1
affordable and clean energy,1
sludge biosolid,1
briquette,1
fuel,1
sars-cov-2,1
forest biomass,1
metabolite,1
bamboo fiber,1
fuel-blending,1
kaffir lime,1
n-feruloyltyramine,1
computational biology,1
iaq,1
logging residues,1
regeneration,1
pellet,1
academic misconduct,1
chra,1
nation building,1
waste valorization,1
tempo-oxidation,1
sensory study,1
microgels,1
mixed matric membrane,1
organic ligands,1
sensors,1
surface functionalization,1
volatile organic compounds,1
lactic acid,1
fruit juices,1
heavy metal,1
biosorbent,1
support vector machine,1
principal component analysis,1
k-fold cross-validation,1
cost,1
market value,1
future prospects,1
eco-friendly materials,1
copper,1
thickeners,1
texture modified food,1
metal organic semiconductor,1
naoh/urea,1
mapping knowledge domains,1
adsorbent,1
plackett-burman design,1
palm kernel cake,1
medium optimization,1
hydrolysate,1
visible light photocatalysis,1
nano-zno/tio2 photocatalyst,1
methyl orange degradation,1
elderly,1
texture-modified chicken rendang,1
clostridium,1
fe3+ doped nano-zno/tio2 composite,1
calcination method,1
subaerophytic,1
smart polymer,1
techno-economic analysis,1
life-cycle assessment,1
co-solvency,1
reduced reaction time,1
seaweeds,1
pharnaceuticals,1
diatoms,1
cosmetics,1
biofertilizers,1
transport rate,1
strip dispersion,1
d2ehpa,1
azidated glycerol,1
polyester,1
recycling,1
gene delivery,1
nano-antimicrobials,1
nanofertilizers,1
nanofungicides,1
greenhouse gases (ghgs),1
environmental pollutions,1
antibiotic resistance genes (args),1
agrochemical,1
tropical cyanobacteria,1
polyphasic characterization,1
nostocales,1
heterocytous,1
caryota urens oil methyl ethyl esters,1
shelf-life,1
caryota urens oil,1
bio-based adhesives,1
bast fiber,1
palm shell lignin,1
enzymatic hydrolysis,1
extrusion,1
ammonia toxicity,1
functional properties,1
industrial feasibility,1
sub-thermophilic,1
swine manure,1
nelumbo nucifera starch,1
citric acid,1
bamboo particleboard,1
contaminated soil,1
and formaldehyde-free,1
oat processing advancements,1
sustainable food processing,1
total solids content,1
sonication,1
primer,1
natural rubber latex,1
low temperature stabilizer,1
colloid stability,1
calorific value,1
hyperaccumulators,1
drying,1
feed,1
uv index,1
6ds gamification framework,1
tropical marine species,1
core competencies,1
halal executive,1
halal industry,1
ir4,1
differential scanning calorimetry,1
ginger essential oil,1
pectin-based film,1
tensile properties,1
halal ecosystem,1
gamification,1
halochromic materials,1
morphological structure evaluation,1
pla film,1
reversible base sensor,1
chemical health risk assessment,1
smart sensor,1
stichopus fusiformiossa,1
spawning behaviour,1
sea cucumber,1
neurotransmitter,1
prebiotic,1
talent,1
plagiarism,1
optimized collagen,1
and pearson correlation coefficient,1
insects,1
mann kendall,1
sen’s slope estimator,1
mann-kendal,1
health effects,1
sza,1
bioaugmentation,1
o3 column,1
innovative trend analysis,1
cot,1
energy conversion,1
theil-sen’s,1
ozone,1
health hazards,1
cluster analysis,1
cloud optical thickness,1
recovery,1
waste reduction,1
pre-treatment,1
processing,1
carbon neutrality,1
chromatographic,1
polyhydroxyalkanoates,1
principal factor analysis,1
heavy metal concentrations,1
groundwater pollution,1
chemical risk,1
gamma,1
nanocrystalline cellulose,1
health risk,1
multiple acid hydrolysis,1
kapok,1
β-tcp scaffold,1
quinoa proteins,1
coral-affecting physicochemical factors,1
marine macroalgae,1
tropical climate,1
production technology,1
wind profile distribution,1
non-woody biomass,1
alkaline treatment,1
bonding,1
interfacial adhesion,1
essential amino acids,1
wettability,1
heck coupling,1
anti-uv,1
strait of malacca,1
vacuum filtration,1
reaction optimisation,1
wind tunnel experiment,1
canopy layer,1
tea infusions,1
dry,1
reduce,1
sustainable,1
swot,1
construction and demolition waste,1
fresh white salted noodles,1
realistic geometry model,1
gastrointestinal symptoms,1
thin,1
live hard coral coverage,1
reefs,1
remote sensing,1
flat,1
osteoblast cells,1
heating press,1
microwave,1
beef,1
black soy sauce residue,1
b. infantis,1
amino acids,1
bifidobacterium lactis probio-m8,1
α-glucosidase inhibition,1
graphene oxide,1
immunological effects,1
natural product,1
thymol,1
membrane technologies,1
polyvinylidene fluoride,1
postharvest treatment,1
microbiological safety,1
blueberries,1
indonesian bay leaf,1
high-hydrostatic pressure,1
pva blend-film,1
endiandric acid,1
red light absorption,1
endiandra kingiana,1
bioresource based product,1
randomized controlled trial,1
respiratory tract infections,1
ortho-carboxamidostilbene,1
simulated gastrointestinal condition,1
cleome gynandra,1
anti-inflammatory,1
milk protein concentrate,1
children,1
bioplastics,1
polyunsaturated fatty acids,1
whey protein concentrate,1
ni/al-sba-15,1
bifidobacterium longum subsp. infantis ylgb-1496,1
ni/ga-sba-15,1
beads,1
ionic liquid,1
kingianin,1
respiratory symptoms,1
species-level genome bins,1
pumpkin,1
texture,0
water activity,0
quality attributes,0
light transmittance,0
san/abs/pc,0
syneresis,0
sem,0
saccharomyces cerevisiae,0
yeast fermentation,0
moisture,0
pineapple jam,0
surface roughness,0
beetroot phytochemicals,0
bacillus licheniformis 2d55,0
fermented rice noodles,0
rad50 gene,0
monte carlo,0
methane,0
landgem,0
rad50,0
in-silico,0
dna repair,0
landfill gas,0
danio rerio,0
mrn complex,0
marine microplastics,0
dna damage,0
biorefinery,0
biovalorization,0
emission rate,0
microbial spoilage,0
atm protein,0
hemostatic activity,0
plant bioactive compounds,0
coastal waters,0
meta-analysis,0
willingness to consume,0
lipid oxidation,0
chicken meat,0
migratory locust,0
malaysian,0
insect phobia scale,0
gas chromatography,0
food neophobia scale,0
immersion coating,0
oil palm fruits,0
sustainable bioindustries,0
peninsular malaysia,0
diatom,0
bioproducts,0
sustainable environments,0
seagrass ecosystems,0
climate change mitigation,0
blue carbon,0
bioeconomy,0
south china sea,0
kinetic study,0
gnip,0
scco2 extraction,0
tocotrienol,0
chicken fillets,0
chitosan films,0
eggplant anthocyanins,0
food preservation,0
oliveria decumbens,0
bio-coated fertiliser,0
riverbank filtration (rbf),0
rates of detachment,0
rates of attachment,0
drinking water,0
phytoplankton influence,0
photosynthetically active radiation,0
ocean upper-layers,0
ocean surface albedo,0
clearness index,0
anthocyanins,0
biodegradable film,0
fish spoilage indicator,0
ph-responsive packaging,0
pomegranate flower extract,0
microcrystalline cellulose (mccs),0
zein,0
pullulan,0
latent heat,0
emulsion electrospinning,0
fiber reinforcement,0
loquat (eriobotrya japonica),0
microbial evaluation,0
scenedesmussp,0
phycoremediation agent,0
leachate treatment,0
heavy metal removal,0
hybrid photocatalytic sequencing batch biofilm reactor,0
kinetics study,0
phytotoxicity assessment,0
sugarcane vinasse,0
batch and continuous modes,0
polysaccharide,0
zea mays l,0
saccharum officinarum l,0
goat manure,0
in-vitro digestibility,0
young oil palm tree,0
tree crown size,0
mature oil palm tree,0
image annotation,0
sensible heat,0
bio-electrochemical systems,0
thermodynamic modelling,0
stable isotope,0
mmwl,0
lmwl,0
bio-binder,0
superfood,0
sunnah,0
kelulut,0
honey,0
halal,0
perspective transformation,0
dodol,0
diastase,0
gmwl,0
amount effect,0
iron retention,0
drying techniques,0
beetroot powder,0
zhenghe white tea,0
ultrasound-assisted extraction,0
optimisation,0
flavonoids,0
virgin palm oil,0
precipitation,0
corrosion,0
biofuels,0
density functional theory,0
bioreactors,0
oil palm empty fruit bunches (opefb),0
ghg reduction,0
degradation properties,0
cross-linker,0
fly ash,0
metal ions,0
water pollution,0
biofilm composite,0
radiata pine pulp,0
oil pam empty fruit bunch pulp,0
autoclave fibre cement composite,0
thermoplastic polyurethane,0
self-healing,0
adhesion,0
polyethylene terephthalate,0
graphite,0
conductive ink,0
carbon black,0
primer coating,0
epoxy,0
video camera,0
thermosets,0
path tracking,0
soil remediation techniques,0
biosensors,0
freshwater ecosystem,0
stable isotope signatures,0
trophic level,0
tropical freshwater,0
primary immunodeficiency,0
benzo[a]pyrene removal,0
natural catalysis,0
persulfate activation,0
tropical soil chemistry,0
motion path analysis,0
targeted therapy,0
sodium bisulfite,0
antimicrobial peptides,0
side effects,0
resistance,0
refrigerated salmon,0
synergism,0
hereditary,0
cell growth,0
food items,0
time-series analysis,0
neural prophet,0
facebook prophet,0
succinic acid (sua),0
preservative,0
glutaric acid (gla),0
azelaic acid (aza),0
adulteration,0
activation,0
biomarker,0
makeup,0
foundation,0
chemometrics,0
nir,0
refined bleached deodorized palm oil,0
used oil,0
fatty acids diagnostic ratio,0
gas chromatography-flame ionisation detector,0
refined bleached deodorised palm oil,0
efficacy formula,0
anti-ageing,0
arima,0
poultry manure,0
infection,0
detection,0
skin layers,0
active wound dressing,0
antimicrobial stewardship program (asp),0
fermented okara,0
dewatered sludge,0
healthcare professionals,0
non-governmental organisation (ngo),0
public awareness,0
postbiotics,0
anti-acne agent,0
in-vitro,0
cell-free supernatant,0
cutibacterium acnes,0
lactiplantibacillus plantarum k014,0
plant-based fermentation,0
hyaluronic acid‐silver nanoparticle,0
antimicrobe,0
a. platensis,0
polyethene glycol,0
partial purification,0
conventional wound dressing,0
growth profile,0
occurrence,0
wound matrix,0
sources,0
superoxide dismutase (sod),0
taguchi orthogonal array,0
sorbic acid,0
sodium bisulphite,0
tetraselmis chuii,0
trace elements,0
cow’s milk allergy,0
one health,0
proteolytic activity,0
refrigerated beef,0
expression,0
cell viability,0
microbial fuel cell (mfc),0
prognosis,0
signaling,0
antibiotics,0
antimicrobial resistance (amr),0
wound-healing phases,0
meat,0
preservation,0
texture-modified food,0
succinic anhydride,0
ultra-violet curable resin,0
biocompatible adsorbent,0
protein-bound uremic toxin,0
silica nanoparticle,0
plasticizer,0
hybrid material,0
flame retardant,0
vegetable oil,0
functional coatings,0
milk fortification,0
natural antioxidant,0
α-mangostin,0
antifouling property,0
hemodialysis membrane,0
pseudomonas aeruginosa,0
sodium metabisulfite,0
iron oxide,0
surface hydrophilicity,0
electron beam,0
carboxymethyl cellulase,0
resins,0
methyl methacrylate,0
itaconic anhydride,0
differential drive robot,0
plant latex proteases,0
thrombin-like enzymes,0
clothoid curved,0
robot simulation,0
syzygium aromaticum,0
computational social science,0
social science,0
emulsification,0
essential oil encapsulation,0
clothoid,0
hydroxypropylation,0
corn starch,0
durian,0
bioadsorbent,0
agriculture waste,0
anhydride ratio,0
biopolymers and renewable polymers,0
uv curable system,0
membrane surface modification,0
polyimide,0
texture profile analysis,0
xhr fesem,0
pyrogenic minerals,0
biological activities,0
extraction methods,0
prospective applications,0
structural characterization,0
tremella polysaccharides,0
nano-rhizosphere,0
crop resilience,0
microemulsion formulation,0
streptococcus mutans,0
fish gelatine,0
white tea,0
gel microparticles,0
sweet osmanthus,0
product development,0
orthogonal test,0
in vitro antioxidant,0
functional beverage,0
microbial transglutaminase enzymes,0
silica,0
enterocin cc2,0
radiation induced graft copolymerization,0
dental caries,0
white rice,0
power density,0
solid oxide fuel cells,0
thermal compatibility,0
thermal expansion coefficient,0
retrogradation,0
palm oil,0
cooking oil treatment,0
coconut oil,0
co-sputtering,0
magnetron sputtering,0
photocatalyst deposition,0
photocatalytic degradation,0
photocatalytic membrane,0
physical vapor deposition,0
spirulina,0
reactive sputtering,0
sputtering technique,0
antimicrobial innovation,0
triethoxymethylsilane,0
quantile regression,0
chlamydomonas reinhardtii,0
rheological properties,0
cervical cancer cells,0
antimicrobial activity,0
vaginal microbiota,0
hpv-positive women,0
fungal,0
bacterial,0
stacking,0
heuristic algorithm,0
cellulose hydrolysis,0
risk factors,0
psychological distress,0
prevalence,0
mental health,0
sacha inchi,0
hypertension,0
hyperlipidaemia,0
hyperglycaemia,0
biomass lipid,0
chlorella vulgaris cultivation,0
photobioreactor,0
complementary medicine,0
alternative material source,0
beta-carotene bio-oil,0
bio-asphalt,0
coatability,0
probiotic properties,0
bifidobacterium longum subsp. infantis b8762,0
gut health,0
non-diabetic,0
safety,0
bacillusspp,0
vaginal health,0
admet,0
antiapoptotic,0
apoptotis,0
autodock 4.2,0
bcl-2,0
stilbene,0
diabetic,0
enrichment,0
acacia mangium wood,0
phytocompound,0
adsorption capacity,0
bromocresol green dye,0
human papillomavirus,0
isotherms,0
kinetics,0
isomers,0
mass spectrometry,0
molecular networking,0
commodity crop,0
respiratory illness,0
pediatrics,0
low-carbon material,0
physical treatment,0
wastewater irrigation,0
green product,0
sampling,0
uv light,0
finite element analysis,0
wood modification,0
wood resin impregnation,0
toluene,0
benzene,0
soil organic carbon,0
soil carbon sequestration,0
regenerative farming,0
oil-palm plantations,0
integrated weed management,0
integrated crop-livestock,0
carbonization,0
char,0
hydrochar,0
materials processing,0
thermochemical technology,0
bamboo-based materials,0
life cycle assessment (lca),0
willingness to participate,0
watershed management,0
stakeholder engagement,0
socio-economic factors,0
social rights,0
river,0
analysis,0
polyhydroxybutyrate (phb),0
malaysia national poison center,0
chemical treatment,0
bio-based material,0
palm oil mill effluents,0
environmental engineering,0
environmental chemical engineering,0
biological waste treatment,0
jaffna peninsula,0
multidimensional vulnerabilities,0
reflexive thematic analysis,0
socioecological conflicts,0
household chemical products,0
poison reagent,0
controlled biodegradation,0
poisoning,0
sustainable health,0
medical,0
nutrients,0
compound,0
biotechnology,0
alternatives,0
plasma treatment,0
nitrogen plasma,0
etching effect,0
water absorption,0
staphylococcusspp,0
annatto powder,0
antioxidant activities,0
pumpkin powder,0
hybrid composite,0
papain,0
alginate,0
management,0
gold,0
hydrogen peroxide,0
thiosulfate,0
contamination,0
eri,0
resistivity,0
deflection,0
experimental modal analysis (ema),0
natural frequency,0
operational deflection shape (ods),0
spillway,0
computational fluid dynamic (cfd),0
pressure,0
velocity,0
lemon peel fiber,0
cassava starch,0
sustainable development goals (sdgs),0
circular economy principles,0
sugar palm,0
hybrid nanocomposites,0
metal oxide nanoparticles,0
impact resistance,0
kevlar,0
pineapple leaf fiber,0
refinery oily sludge,0
predictive analytics,0
flocculation index,0
flocs,0
intensified microbubbles,0
breeding waste compost,0
hybrid modelling techniques,0
sustainable papermaking,0
mineral elements,0
renewable pulping,0
food waste digestate,0
hydrocarbon,0
seed germination,0
bamboo-based composites,0
industrial papermaking,0
biogas application,0
biogas purification,0
military applications,0
materials application,0
fibre,0
cow dung compost,0
duck dung compost,0
goose dung compost,0
peat addition,0
solid organic wastes,0
nanocellulose banana,0
industrial applications,0
sodium carboxymethyl nanocellulose,0
calophyllum recurvatum,0
ternary blend,0
bioactivities,0
nutrient supplementation,0
secondary metabolites,0
tetraselmis suecica,0
patchouli lignin,0
wind directions,0
menara razak and residensi tower,0
pore size,0
porous β-tcp granules,0
calophyllum andersonii,0
coumarins,0
immune infiltration,0
bioactive compound,0
phytochemical,0
low crystallinity,0
antihyperglycemia,0
docking,0
drug-likeness,0
para-carboxamidostilbene,0
camelus dromedaries,0
steaming,0
phytochemical compounds,0
sensory characteristics,0
mendelian randomization,0
immune cells,0
method,0
uncaria gambir extract,0
properties,0
superhydrophobic,0
surface,0
wood,0
polylactic acid matrix,0
dragon fruit root (dfr) fibers,0
cocoa pod husk (cph) fibers,0
κ-carrageenan,0
banana peel,0
tapioca powder,0
roselle fiber,0
toughness enhancement,0
fish fillet,0
prolonged water immersion treatment,0
polyvinyl alcohol (pva),0
boric acid,0
fiber orientation,0
fiberglass,0
physical hazard,0
oil and gas,0
occupational safety and health,0
chemical hazard,0
biological hazard,0
adipokines,0
water and food security,0
emerging contaminants,0
mechanism,0
total viable count,0
biomonitoring,0
biological indicators,0
bioactive compounds,0
endophytes,0
nigrospora species,0
swietenia macrophylla king,0
antifouling,0
copper tannate,0
mangrove,0
tannin,0
waste biomass,0
plant-based coagulant,0
natural coagulant,0
banana wastes,0
particulate matter,0
air filtration,0
reactive dyes,0
langmuir equilibrium model,0
adsorption efficiency,0
microbiome-based interventions,0
microbiome,0
dysbiosis,0
candidemia,0
candida auris,0
calcofluor white,0
mangrove coastal management,0
water quality,0
ssf,0
alginate beads,0
dyes/pigments,0
volatile compounds,0
kneading technique,0
inclusion complex,0
co-precipitation technique,0
papaya juice,0
bacteriocin purification,0
oral health therapeutics,0
peg-based aqueous two-phase system,0
probiotic-derived antimicrobial,0
immobilized pectinase,0
photodegradation,0
pomelo peels,0
paddy water,0
carbofuran-phenol,0
3-keto carbofuran,0
microbial enzyme,0
emerging environmental pollutant,0
biological reduction mechanism,0
enzymatic analysis,0
watermelon rinds,0
transboundary haze,0
agro-wastes,0
aspergillus niger hfm 8,0
antifungal activity,0
shrimp preservation,0
animal-based composite,0
protein extraction,0
rock melon,0
pasteurisation,0
red dragon fruit,0
vitamin c,0
crayfish,0
t-2 toxin degradation,0
microbial consortium,0
cytochrome p450 (cyp61),0
plastic waste,0
particles size,0
bamboo fibres,0
disposable face masks,0
eco-composite,0
non-woven polypropylene,0
compatibilization,0
halochromic polymers,0
ph-responsive materials,0
pla/pbat blends,0
ul-94,0
woven bamboo fibre,0
woven carbon fibre,0
stacking sequence,0
stiffness,0
flour composite,0
salmonella,0
physicochemical quality,0
pasteurization,0
microbiological quality,0
particulate mass,0
natural preservatives,0
texture profile analysis (tpa),0
rehydration kinetics,0
quick-cooking cereals,0
oat rice,0
glucono-delta-lactone (gdl),0
β-variational autoencoder (β-vae),0
intensity inhomogeneity (iih),0
impurity segmentation,0
dioxins,0
dl-pcbs,0
peatland fires,0
kinetic model,0
pnc,0
edible bird’s nest (ebn),0
anomaly detection,0
storage period,0
comprehensive strength,0
delayed ettringite formation,0
sulphate reduction,0
waste concrete aggregate,0
phytovolatilization,0
rhizofiltration,0
quantity,0
methods,0
limitations,0
bacteriocin,0
advantages,0
palm oil waste management,0
alkaline cellulase,0
alkaliphilic cellulolytic fungi,0
logistic growth model,0
saccharification,0
fourier transform infrared spectroscopy (ftir),0
field emission scanning electron microscopy (fesem),0
esd,0
mathematical communication skills,0
problem-based learning,0
sdgs (no-poverty),0
sedekah,0
economic sustainability,0
integrated crop livestock,0
oil palm livestock system,0
social sustainability,0
wood preservation,0
sodium butyrate,0
sodium acetate,0
rubberwood,0
leachate,0
metals,0
clostridium butyricum,0
butyric acid,0
membraneless microbial fuel cell,0
science curriculum,0
environmental education,0
synthesis nanoparticles,0
proton exchange membrane,0
environmental footprint,0
environmental impacts,0
acceptable daily intake,0
water pollution,0
sustainable livelihoods,0
sustainable coastal management,0
coastal fisheries,0
coastal development,0
pollutants,0
marine algae,0
river water,0
sulfonated polysulfone,0
morphological study,0
green modification,0
banana peels,0
film-based technology,0
microplastic removal,0
natural rubber latex band,0
abe fermentation,0
adaptive laboratory evolution,0
mutagenesis,0
sustainable large-scale production,0
arthropods,0
cellar spider,0
synbiotics,0
microcapsules,0
land use/land cover (lulc),0
metapsammite,0
pullulanase,0
starch nanoparticle,0
degree of substitution,0
acetyl groups,0
starch modification,0
starch carrier,0
porous starch,0
geochemistry,0
late cretaceous-paleocene,0
luk ulo complex,0
metagranite,0
u–pb zircon dating,0
surface-modified tapioca starches,0
thermoplastics,0
sensors and actuators,0
anthropogenic activities,0
bauxite mining,0
beach sediments,0
tidal zones,0
and numerical modelling,0
hydrogeochemical models,0
hydrological and water quality models,0
water–rock interactions,0
polyolefins,0
acid hydrolysis,0
agricultural waste,0
urbanization,0
biogenic caco3,0
wetland,0
lactobacillus plantarum,0
odor pollution,0
hazardous chemicals,0
eco-friendly bio-spray,0
bioreactor and ammonia reduction,0
crassostrea belcheri,0
crassostrea iredalei,0
dllme,0
gc×gc,0
oyster,0
zero waste,0
bio-succinic acid,0
magnetic nanoparticle,0
oyster shell,0
polypyrrole,0
frying oils,0
ginkgo biloba leaves flavonoids,0
lc-ms/ms,0
neonicotinoid pesticides,0
orthogonal array design,0
quechers,0
shrimp,0
microbial bioconversion,0
chemical evaluation,0
