Keyword,Publication Count
biopolymer,33
nanocellulose,28
bioaerogel,25
biopolymers,21
cellulose,20
fermentation,19
adsorption,17
bioremediation,16
sustainable packaging,16
sustainability,16
polymer composites,15
antibacterial,14
biomaterials,13
renewable energy,13
sustainable materials,13
biocomposites,13
microalgae,13
deep learning,12
oil palm empty fruit bunch,12
nanocomposites,12
biocomposite,12
biochar,12
biodiesel,12
mechanical properties,12
physicochemical properties,11
lactic acid bacteria,11
sago starch,11
biomass,11
cellulose nanofiber,11
chitosan,11
aerogel,11
probiotics,11
spent coffee grounds,10
3d printing,10
reinforcement,10
carboxymethyl cellulose,10
inflammation,10
green materials,9
activated carbon,9
response surface methodology,9
wastewater,9
heavy metals,9
machine learning,9
antioxidant activity,9
biofilm,9
hydrophobicity,9
agriculture,9
antioxidant,9
climate change,8
essential oil,8
bacillus subtilis,8
antimicrobial,8
oil palm trunk,8
microplastics,8
optimization,8
water treatment,8
extraction,8
livelihood strategies,8
macroalgae,8
polyhydroxybutyrate,8
seaweed,8
wastewater treatment,8
aerogels,8
encapsulation,8
natural fibre,8
probiotic,8
marine,7
purification,7
production,7
compatibility,7
biofuel,7
molecular docking,7
starch,7
biofiller,7
lignocellulosic biomass,7
thermal properties,7
eco-friendly,7
nanoemulsion,7
supercritical co2,6
dma,6
oil palm,6
glutaric acid,6
thermal,6
composite,6
microfiller,6
fatty acid,6
hydrogel,6
bioceramic,6
polymer blend,6
cancer,6
freeze–thaw,6
celastrol,6
biosynthesis of polymers,6
digestibility,6
lentil proteins,6
bio-composite,6
semi-refined carrageenan,6
food safety,6
pathogenic bacteria,6
green technology,5
nutrient removal,5
permeability,5
renewable resources,5
biomass fuel,5
water resistant,5
thermal insulation,5
circular economy,5
food packaging,5
azelaic acid,5
small-scale fisheries,5
sustainable development,5
acetylation,5
ceramic coating,5
environment,5
packaging,5
biomass conversion,5
analysis,5
shelf life,5
carbonization,5
high-hydrostatic pressure,5
toxicity,5
degradation,5
succinic acid,5
solubility,5
yield prediction,5
poly (lactic acid),5
additive manufacturing,5
poly (butylene-adipate-terephthalate),5
microcrystalline cellulose,5
flammability,5
lactiplantibacillus plantarum,5
cellulose nanofibers,5
palm kernel shell,5
durian,5
bioadsorbent,5
polymers,5
agriculture waste,5
green products,5
streptococcus mutans,5
wound healing,5
enterocin cc2,5
polymer blend composite and 3d printing,5
tropical fruit,5
protein quality,5
palm oil empty fruit bunch,5
anaerobic digestion,5
modulus,5
sugar palm fiber,5
enzyme,5
fruit peel,5
cellulose derivatives,5
biological treatment,5
cytotoxicity,5
food security,4
kenaf,4
waste to energy,4
thermal stability,4
antibacterial activity,4
diabetic nephropathy,4
bone remodelling,4
palm oil mill effluent,4
sodium alginate,4
blend,4
coastal reclamation,4
sugar palm fibre,4
bast fiber nonwoven,4
photocatalyst,4
chemical modification,4
response surface methodology (rsm),4
photocatalysis,4
fire resistance,4
microstructure,4
burkholderia ambifaria strain e5-3,4
livelihood assets,4
soxhlet extraction,4
polymeric material,4
resilience,4
sustainable coastal management,4
microencapsulation,4
dehumidification,4
starch nanocrystal,4
palm kernel shells,4
bioproduct,4
desiccant paper,4
moisture absorption,4
sustainable livelihoods,4
anhydride modification,4
coastal fisheries,4
sustainable utilization,4
coastal development,4
durian peel waste,4
α-amylase,4
applications,4
health care,4
natural waste fiber,4
pickering emulsion,4
anticancer,4
bioplastics,4
fed-batch fermentation,4
physical properties,4
biodegradable,4
spent mushroom substrate,4
inhibitor tolerance,4
bioplastic,4
antimicrobial resistance (amr),4
biodegradation,4
coffee waste,4
skin care,4
spent coffee ground,4
functional food,4
sampling,4
recycling,4
superheated steam,4
feedstock,4
wound dressing,4
chicken manure,4
lignocellulose biomass,4
plastic waste,4
protein digestibility,4
biocompatibility,4
green material,4
textural,4
hemicellulose,4
river,4
thermosets,4
soda pulping,4
kinetics & thermodynamics,4
parameterization,4
microbial fuel cell,4
thermoplastic starch,4
circularity,4
bias correction,4
climate variability,4
climate,4
autohydrolysis,4
wrf model,4
food preservation,4
bacteriocins,4
pesticides,4
active packaging,4
in-vitro digestibility,4
dyes,4
biopolymers and renewable polymers,4
resins,4
papaya juice,4
oil palm biomass,3
diabetes,3
saccharification,3
green composite,3
scenedesmus parvus,3
osa modification,3
trehalose,3
emulsification,3
antimicrobial resistance,3
aquaculture,3
dental caries,3
char,3
energy consumption,3
acid modification,3
polysulfone,3
biobutanol,3
bacteriocin-like inhibitory substance,3
inhibitory activity,3
essential oil encapsulation,3
oral pathogen,3
ionic liquid-based aqueous two-phase system,3
motion planning,3
microemulsion formulation,3
supercritical treatment,3
nanoparticles,3
potato starch,3
soil remediation,3
phbv,3
crude glycerol,3
bio-coated fertiliser,3
goat manure,3
saccharum officinarum l,3
malaysia national poison center,3
infection,3
poultry manure,3
antimicrobial innovation,3
refining,3
functionalization,3
bioenergy,3
bibliometrics,3
solid waste,3
empty fruit bunch,3
milk fortification,3
microbial,3
fatty acids,3
recycling waste,3
polyvinyl alcohol,3
isolation,3
nanofibers,3
lignin nanoparticles,3
sustainable health,3
transesterification,3
3d x-ray imaging,3
azolla filiculoides,3
nanocomposite,3
sorbic acid,3
activation time,3
spent coffee,3
poisoning,3
household chemical products,3
third oil generation,3
waste frying oil,3
rubber wood sawdust,3
mycelium,3
ulva lactuca,3
pleurotus ostreatus,3
biocompatible,3
phosphoric acid,3
crystallinity,3
morphology,3
rambutan leaf extract,3
bionanocomposite,3
tropical oysters,3
oil palm leaf,3
shucking,3
muscle release,3
dewatered sludge,3
meat detachments,3
bacterial cellulose,3
calcium phosphate,3
environmental sustainability,3
carbon sequestration,3
conjugation,3
dry heating,3
environmental application,3
methylene blue,3
cleaner approach,3
sanitizing,3
metal oxide,3
box–behnken design,3
waste management,3
oxidative stress,3
degradation properties,3
dissolving pulp,3
reuse,3
human papillomavirus,3
gut microbiota,3
natural coagulant,3
emerging pollutants,3
polyhydroxyalkanoate,3
pectin,3
low-velocity impact,3
non-wood biomass,3
complexation,3
membrane bioreactor,3
α-glucosidase,3
tissue engineering,3
industrial effluent,3
leachate,3
landfill leachate,3
structural integrity weakening,3
liquid phase,3
lipid productivity,3
biodiesel feedstock,3
bioresource based products,3
pollutant,3
metagenomic analysis,3
fertilizer,3
cross-linker,3
filament,3
sensory properties,3
aspergillus niger,3
fused deposition modeling,3
pollution,3
pyrolysis,3
curdlan,3
physical,3
composite materials,3
canned dodol,3
whey proteins,3
advanced oxidation process,3
persistent organic pollutants,3
natural fibers,3
extracted residue,3
microparticle,3
patchouli,3
pectinase,3
technical lignin,3
thermoplastic elastomer,3
lignin utilization,3
central composite design (ccd),3
impact,3
drug delivery,3
lignin,3
chemical composition,3
biodegradability,3
environmental pollution,3
bio-binder,3
acetic acid,3
dysphagia,3
polyester,3
surface modification,3
particulate matter,3
biogas,3
waste,3
poison reagent,3
zea mays l,3
cosmetic applications,3
lignin properties,3
biofilm composite,3
ammonia reduction,3
enzymatic,3
groundwater,3
heterotrophic microbes,3
absorption,3
algae cultivation,3
raw seaweed,3
compressive strength,3
porosity,3
portland cement,3
algae biomass,3
anova,3
microbial plastic degradation,3
phytoremediation,3
additives,3
circular bioeconomy,3
triethoxymethylsilane,3
patchouli waste fiber,3
waste valorization,3
lignin extraction,3
municipal solid waste,3
rheology,3
melamine,3
nano turmeric loaded,2
food innovation,2
ethanol,2
saccharomyces cerevisiae,2
yeast fermentation,2
pineapple jam,2
biomass waste,2
moisture,2
syneresis,2
kinetic study,2
enzymatic hydrolysis,2
texture,2
water activity,2
quality attributes,2
immunological disorders,2
stringiness,2
yeast,2
immunomodulation,2
stretchability,2
imitation cheese,2
whey protein isolate,2
spray drying,2
fermented rice noodles,2
antibiotics,2
oil palm fruits,2
thermodynamic modelling,2
polymer,2
aspergillus flavus,2
esterification,2
chilli,2
lauroyl chloride,2
edible film,2
biopolymer film,2
green extraction,2
lactobacillus,2
nanocelluloses,2
shelf-life,2
radiata pine pulp,2
oil pam empty fruit bunch pulp,2
autoclave fibre cement composite,2
fruit drink,2
polycyclic aromatic hydrocarbons,2
thermal insulator,2
microwave assessed,2
metabolomics,2
differential drive,2
strait of malacca,2
bioeconomy,2
bioactive ingredient,2
primer coating,2
epoxy,2
tortuous path model,2
permeability properties,2
nanoreinforcement,2
gas transport,2
tropical freshwater,2
trophic level,2
biopolymer matrix,2
mobile robot,2
stable isotope signatures,2
water kefir,2
drug delivery system,2
intelligent packaging,2
essential oils,2
sodium caseinate,2
chemometrics,2
sensory,2
growth,2
chemical properties,2
lettuce,2
quality,2
food waste digestate,2
acid hydrolysis,2
polyunsaturated fatty acids,2
green synthesis,2
uv-protection,2
casein proteins,2
glycerol,2
advantages,2
instant rice porridge,2
rheological,2
thickener,2
adulteration,2
malaysia,2
biodiesel-derived crude glycerol,2
monoglycerides,2
solvent-free,2
characterization,2
natural fiber,2
children,2
sugar palm,2
active packaging film,2
bajakah tampala extract,2
hydrocarbon,2
refinery oily sludge,2
seed germination,2
bisphenol a,2
electrocoagulation,2
microbiological quality,2
pullulanase,2
nannochloropsis oculata,2
green chemicals,2
antimicrobial stewardship program (asp),2
healthcare professionals,2
non-governmental organisation (ngo),2
functional compounds,2
public awareness,2
catalyst,2
by-products,2
silver nanoparticles,2
blended bioplastic,2
lactic acid,2
microbial consortium,2
cytochrome p450 (cyp61),2
drug deliveries,2
flavonoids,2
interactions,2
water kefir grains,2
virgin palm oil,2
scco2 extraction,2
titanium dioxide,2
metals,2
ultra-violet curable resin,2
marine microalgae,2
klebsormidium flaccidum,2
carbohydrate,2
abaca fiber,2
alginate,2
hybrid composite,2
starch nanoparticle,2
plant-based proteins,2
eddy covariance,2
short-chain fatty acids,2
air filtration,2
insulation,2
blood purification,2
plant phytic acid,2
food industry,2
biopolymer aerogels,2
porose material,2
reactive dyes,2
oil absorption,2
molasses,2
oxidative stability,2
plant-based coagulant,2
waste biomass,2
guar gum,2
cooking qualities,2
synergy,2
water solubility,2
protein structure,2
leachate treatment,2
electrochemical performance,2
batch and continuous modes,2
zein,2
tocotrienol,2
pullulan,2
tissue scaffolds,2
challenges,2
heavy metal removal,2
enhancement,2
microorganisms,2
carbofuran,2
migratory locust,2
rambutan extract,2
emulsion electrospinning,2
langmuir equilibrium model,2
non-woven bast,2
microbial fuel cell (mfc),2
biopolymer composites,2
plastic,2
mechanical,2
antidiabetic,2
atmospheric surface layer,2
palm oil,2
microplastic,2
tropical coastal sea,2
hplc,2
health,2
natural antioxidant,2
co2 flux,2
kappa-carrageenan,2
shelf-life extension,2
drinking water,2
fermented pumpkin,2
thermal conductivity,2
bioink,2
food neophobia scale,2
phytochemicals,2
extensibility,2
insect phobia scale,2
malaysian,2
nanotechnology,2
chlamydomonas reinhardtii,2
adsorption efficiency,2
acetic acid bacteria,2
salmon,2
metabolites,2
aqueous two-phase system,2
sodium bisulphite,2
human health,2
modification technique,2
mature coconut water,2
rho gtpases,2
willingness to consume,2
freshwater ecosystem,2
reusability,2
graphene oxide,2
t-2 toxin degradation,2
intelligent film,2
food items,2
freshness monitoring,2
halal,2
free radical,2
microcapsule,2
time-series analysis,2
neural prophet,2
facebook prophet,2
clean fermentation,2
kombucha,2
metabolome,2
microbial identification,2
symbiosis,2
arima,2
ndvi,2
modis,2
landsat-7,2
deep neural network,2
nutraceutical,2
synergism,2
sodium distribution,2
plant fibers,2
human,2
biological indicators,2
biomonitoring,2
mangrove coastal management,2
water quality,2
banana wastes,2
salt-coated yellow alkaline noodles,2
refrigerated salmon,2
infections,2
edible coating,2
gelatin,2
energy,2
membrane,2
microbial fuel cells,2
porose materials,2
treatment,2
autoimmune,2
bionanocomposites,2
extracted lignin,2
chemotherapy,2
hemodialysis,2
bioaerogels,2
oil spill,2
sorption,2
carbon nanotubes,2
scenedesmussp,2
phycoremediation agent,2
rates of attachment,2
rates of detachment,2
riverbank filtration (rbf),2
scanning electron microscopy,2
carboxylic acid,2
nanocomposite film,2
biological reduction mechanism,2
consortia,2
recovery,2
industrial wastewater,2
anhydride ratio,2
dumpsites,2
itaconic anhydride,2
heavy metals contamination,2
in situ,2
fate of pesticides,2
ex situ,2
waste generation,2
succinic anhydride,2
microbial enzyme,2
emerging environmental pollutant,2
pharmaceutical compounds,2
separation,2
indoor air quality,2
green technology treatment system,2
endocrine disruptors,2
emerging pollutant,2
beris lalang,2
ultrafiltration,2
alginate beads,2
knowledge-attitude-practice (kap) model,2
cellulolytic ability,2
bacillus species,2
prebiotic,2
chlorella vulgaris cultivation,2
photobioreactor,2
rheological properties,2
biomass lipid,2
hybrid composites,2
physico-chemical properties,2
sodium acetate,2
sandwich,2
clostridium butyricum,2
butyric acid,2
building insulation panel,2
fibers,2
membraneless microbial fuel cell,2
natural waste,2
electricity generation,2
physicochemical evaluations,2
health benefit,2
rubberwood,2
bioactive compound,2
phytochemical,2
scenedesmus parvus algae,2
β-tcp scaffold,2
eichhornia crassipes,2
paraquat,2
heck coupling,2
kopsia teoi,2
bacterial-cellulose,2
zno,2
dicalcium phosphate dihydrate,2
lignocellulolytic bacteria,2
cellulase,2
bacillus spp,2
coumarin,2
flavonoid,2
wood preservation,2
sodium butyrate,2
bioprocess,2
palm oil mill effluent treatment,2
surface-modified tapioca starches,2
livestock integration strategies,2
soil quality rehabilitation,2
bioactivities,2
climate change impact,2
therapeutic potential,2
obesity,2
low-grade chronic inflammation,2
immune infiltration,2
ecological services,2
soil carbon sequestration,2
oil-palm plantations,2
soil organic carbon,2
toluene,2
benzene,2
marine algae,2
fungi,2
secondary metabolites,2
hyperglycemia,2
human renal tubular epithelial cells,2
zinc oxide,2
rice bran,2
anti-inflammatory,2
mendelian randomization,2
fibrosis,2
biofuels,2
tetraselmis suecica,2
adipokines,2
ganoderma lucidum,2
phenol,2
water barrier properties,2
oil palm management practices,2
economic value,2
degree of substitution,2
farmers,2
biofeedstock,2
acetyl groups,2
coccomyxa dispar,2
starch modification,2
starch carrier,2
porous starch,2
tensile properties,2
china,2
industrial waste management,2
immobilized pectinase,2
energy storage,2
algal immobilization,2
nutrient supplementation,2
acceptable daily intake,2
emerging contaminants,2
wastewater irrigation,2
regenerative farming,2
water and food security,2
integrated weed management,2
social rights,2
socio-economic factors,2
integrated crop-livestock,2
regenartive farming,2
stakeholder engagement,2
watershed management,2
willingness to participate,2
earthworm abundance,2
paddy production,2
immune cells,2
fibrillation,2
water pollution,2
wound healing properties,2
in vitro,2
hybrid,2
tapioca powder,2
carboxyl groups,2
lycopene,2
limitations,2
ternary blend,2
safety,2
enzymatic analysis,2
watermelon rinds,2
vaginal health,2
biomass feedstock,2
rsm,2
aging,2
toddlers,2
vaginal microbiota,2
tropical climate,2
hpv-positive women,2
fungal,2
bacterial,2
probiotic-derived antimicrobial,2
peg-based aqueous two-phase system,2
sustainable fuel,2
breast milk,2
trend,2
patchouli lignin,2
superheated steam drying,2
camelus dromedaries,2
canopy layer,2
monsoon,2
hygroscopicity,2
stability,2
isolation process,2
carboxymethylation reaction,2
models,2
food engineering,2
clostridium,2
food waste,2
materials science engineering,2
woven bamboo fibre,2
woven carbon fibre,2
characteristics,2
lignocellulosic,2
reinforced bioplastic,2
keratin,2
hydroxyapatite,2
collagen,2
water absorption,2
trimetallic nanoparticles,2
tga,2
nanodispersion,2
functionalized nanocellulose,2
banana peel,2
bio-oil,2
yield,2
soil sample preparation,2
spillway,2
sandy texture,2
mineral compositions,2
microscopical view,2
particles size,2
ldm and sem-edx techniques,2
terpenes,2
nanofluid,2
western ghats,2
sample preparation,2
antioxidant activities,2
oil and gas,2
blend films,2
physical hazard,2
synthesis and processing techniques,2
buildings,2
energy forecast,2
biofabrication challenges,2
cellulose and other wood products,2
failure factors,2
mycelium composites,2
biological hazard,2
chemical hazard,2
occupational safety and health,2
microemulsion,2
oxidation,2
soy milk,2
advanced separation technologies,2
controlled release,2
magnesium starch nanomaterial,2
mechanisms of action,2
adsorbent,2
papaya powder,2
uv light,2
bioflavonoid,2
ultrasonication,2
film,2
plastic pollution mitigation,2
baseline,2
uvi,2
environmental health,2
freshwater,2
bacteriocin,2
vitamin d3,2
methods,2
lead,2
food,2
omi/aura,2
calcium chloride,2
wind tunnel experiment,2
β-glucan,2
vaginal yeast infection,2
cockle shell,2
desiccant,2
oral health therapeutics,2
bacteriocin purification,2
natural therapeutic agent,2
artificial intelligence,2
inorganic contaminant,2
chicken by-product waste,2
marble,2
nanoscale structures,2
polyvinyl alcohol (pva),2
starch-based adsorbents,2
lecithin,2
bioaccessibility,2
bioavailability,2
glucose yield,2
health benefits,2
pandan leaf,2
lactoferrin,2
betel leaf,2
emulsifier,2
ultrasound-assisted extraction,1
optimisation,1
zhenghe white tea,1
enzymes,1
molecular dynamics simulation,1
food drying,1
food extrusion,1
diastase,1
fruit waste,1
food texture,1
durian rinds,1
durian seeds,1
reutilization,1
value-added ingredients,1
phenolic compounds,1
quinoa protein concentrates,1
sunnah,1
water kefir-assisted fermentation,1
structural interaction,1
saponins,1
garcinia atroviridis,1
antimicrobial peptides,1
non-nutritive compounds,1
economy,1
polyethylene terephthalate,1
graphite,1
adhesion,1
honey,1
self-healing,1
thermoplastic polyurethane,1
azidated glycerol,1
colloid stability,1
low temperature stabilizer,1
natural rubber latex,1
primer,1
sonication,1
mechanism,1
salmonella,1
flour composite,1
extrusion,1
functional properties,1
industrial feasibility,1
oat processing advancements,1
sustainable food processing,1
corrosion,1
dodol,1
maillard reaction,1
kelulut,1
potato,1
chia seed gum,1
pseudomonas aeruginosa,1
zataria multiflora boiss,1
potato strips,1
loquat (eriobotrya japonica),1
microbial evaluation,1
polysaccharide,1
chicken fillets,1
chitosan films,1
eggplant anthocyanins,1
oliveria decumbens,1
anthocyanins,1
biodegradable film,1
fish spoilage indicator,1
ph-responsive packaging,1
pomegranate flower extract,1
microcrystalline cellulose (mccs),1
oil palm empty fruit bunches (opefb),1
carbon black,1
chicken meat,1
gas chromatography,1
5-hydroxymethyl-2-furfural,1
microbiology,1
superfood,1
active coating,1
cell growth,1
vosviewer,1
mrsa,1
sodium metabisulfite,1
spirulina,1
frozen burger preservation,1
microbial load reduction,1
oxidation stability,1
plant extract nanoemulsions,1
protein-based coatings,1
homogenization,1
saffron,1
ultrasonic,1
alginate biopolymer,1
jujube fruit,1
persian gum (insoluble part),1
phenolic compound,1
bead,1
jujube alcohol extract,1
modified sodium alginate,1
octenyl succinic anhydride,1
conductive ink,1
green analytical procedure index (gapi),1
density functional theory,1
spectroscopy,1
natural frequency,1
tribological,1
operational deflection shape (ods),1
pressure,1
velocity,1
analytical eco-scale (aes),1
analytical greeness calculator (agree),1
complex environmental matrices,1
deep eutectic solvents (des),1
green analytical chemistry (gac),1
ionic liquids (il),1
ansys,1
bottom outlet,1
computational fluid dynamic (cfd),1
tempo-oxidation,1
regeneration,1
naoh/urea,1
biominerals,1
resource-efficient,1
bio-silicates,1
ftir,1
experimental modal analysis (ema),1
deflection,1
resistivity,1
oil palm frond,1
alkaline treatment,1
lipid oxidation,1
bonding,1
interfacial adhesion,1
wettability,1
beads,1
ionic liquid,1
cellulose nanocrystal,1
hydrogel bead,1
coagulation-flocculation kinetic,1
eri,1
fluid-structural interaction,1
fluid flow dynamic,1
computational fluid dynamics (cfd),1
solid phase extraction,1
management,1
gold,1
hydrogen peroxide,1
thiosulfate,1
contamination,1
nanoscale,1
commercialization,1
fruit extract,1
edible films,1
proteostasis,1
small gtpase,1
crop resilience,1
nano-rhizosphere,1
pyrogenic minerals,1
silica,1
xhr fesem,1
briquette,1
forest biomass,1
fuel,1
fuel-blending,1
logging residues,1
pellet,1
academic misconduct,1
nation building,1
plagiarism,1
talent,1
alkaline peroxide,1
dioxydanyl radical,1
hereditary,1
tilapia,1
kinase,1
primary immunodeficiency,1
targeted therapy,1
in-silico,1
manufacturing conditions,1
optimization strategies,1
scale-up,1
atm protein,1
dna damage,1
mrn complex,1
rad50 gene,1
danio rerio,1
dna repair,1
rad50,1
side effects,1
characterisation,1
gel strength,1
gelatine,1
hard capsule,1
nano-functional,1
molecular weight,1
efb,1
delamination,1
resistance,1
immersion coating,1
fe3+ doped nano-zno/tio2 composite,1
microbial spoilage,1
ganoderma neo-japonicum,1
pharmaceuticals (phacs),1
boron oxide,1
germanium oxide,1
calcination method,1
surface,1
methyl orange degradation,1
nano-zno/tio2 photocatalyst,1
visible light photocatalysis,1
ch4,1
co2 reduction,1
etching route,1
hard template,1
porous photocatalyst,1
soft template,1
topotactic transition,1
polyhydroxybutyrate (phb),1
environmental pollutants,1
bioaccumulation,1
sewage treatment plant,1
pharmaceutical residue,1
diuron,1
hormone,1
pharmaceuticals,1
plant bioactive compounds,1
municipal wastewater,1
thermoplastics,1
differential scanning calorimetry,1
ginger essential oil,1
pectin-based film,1
corn tortillas packaging,1
high-density polyethylene,1
paper,1
black cumin,1
nigella sativa,1
oil analysis,1
halochromic materials,1
pla film,1
reversible base sensor,1
smart polymer,1
agricultural waste,1
paraquat herbicide,1
"2,4-d",1
contaminated water,1
paddy,1
translocation,1
water reuse,1
mesoporous biochar,1
"2,4-dichlorophenoxyacetic acid",1
modified biochar,1
drug pollution,1
microbial enzyme activities,1
rice,1
angiogenesis,1
biochemical analysis,1
biomimetic 3d scaffolds,1
ecm remodeling,1
healing,1
nitrocompounds,1
antifungal activity,1
calcofluor white,1
candida auris,1
candidemia,1
adhesives,1
hydrogels,1
solid surfaces,1
toughness,1
core-shell,1
electrospinning,1
magnetoelectric,1
disulfiram,1
injectable hydrogel,1
bacillus cereus,1
energy conversion,1
banana fruit,1
leather alternatives,1
phacs,1
pharmacologically active compounds,1
banana peels,1
green modification,1
river water,1
water remediation,1
chitosan coating,1
wetland plants,1
biogenic leather,1
leather substitutes,1
chra,1
vegan leather,1
drug compounds,1
pharmaceutically active compounds,1
biosolids,1
sewage sludge,1
thermochemical,1
hospital wastewater,1
nanofiltration,1
pollutants,1
sensors and actuators,1
polyolefins,1
dyes/pigments,1
nanoparticle,1
immunostimulation,1
immunosuppression,1
traditional plants,1
antimicrobial agents,1
e. alte,1
gc-ms,1
cinnamon essential oil (ceo),1
chitosan (cs),1
cellulose nano fibers (cnf),1
cinnamon nanoparticles,1
nuts,1
protein,1
gluten-free,1
sorghum bread,1
tragacanth,1
amino acids,1
milk protein concentrate,1
whey protein concentrate,1
chitin nanocrystal,1
chitin nanofiber,1
bionanocomposite film,1
sars-cov-2,1
piper sarmentosum roxb,1
nsp1,1
activation,1
syzygium aromaticum,1
acrylamide,1
oil uptake,1
tarragon,1
ultrasonic homogenizer,1
eremothecium coryli,1
hazelnut,1
agricultural activated carbon,1
porous materials,1
biomarker,1
n-feruloyltyramine,1
biosensors,1
expression,1
prognosis,1
signaling,1
april,1
baff,1
bibliometric analysis,1
receptors,1
computational biology,1
crayfish,1
high-performance packaging,1
volatile compounds,1
multifunctional properties,1
direct red 28,1
phytotoxicity,1
iron,1
iron-oxidizing bacteria,1
rossellomorea sp,1
zeolite,1
field emission scanning electron microscopy (fesem),1
fourier transform infrared spectroscopy (ftir),1
affordable and clean energy,1
bioprocessing,1
sludge biosolid,1
hazards,1
microbial bioconversion,1
mechanisms,1
bio-succinic acid,1
smart sensor,1
delay ripening,1
nanoclay,1
co-precipitation technique,1
inclusion complex,1
kneading technique,1
date fruit seed,1
techno-economic analysis,1
life-cycle assessment,1
facile approach,1
sustainable biofilms,1
bismuth ferrite,1
photocatalytic performance,1
membrane technologies,1
polyvinylidene fluoride,1
fertilizer delivery,1
slow release,1
soil fertilizers,1
biopolymer films,1
kinetic model,1
synbiotics,1
quantity,1
storage period,1
zero waste,1
bioreactor and ammonia reduction,1
eco-friendly bio-spray,1
hazardous chemicals,1
odor pollution,1
lactobacillus plantarum,1
microcapsules,1
wood,1
mild steel,1
superhydrophobic,1
palm oil mill effluents,1
agglomerations,1
crosslinking,1
coating,1
colloidal solution,1
biomass processing and applications,1
hydroponic,1
kenaf residues,1
rigid polyurethane foam,1
cryogel,1
materials structure,1
epichlorohydrin,1
materials chemistry,1
characterizations,1
interfacial tension,1
shrinkage,1
surfactant,1
hydrophilicity,1
mechanical strength,1
controlled biodegradation,1
chemical interactions,1
retraction force,1
bioresource based product,1
environmental engineering,1
method,1
environmental chemical engineering,1
wind profile distribution,1
menara razak and residensi tower,1
wind directions,1
fish fillet,1
energy-efficient lighting systems,1
energy-efficient systems,1
low carbon buildings,1
sustainable hvac,1
heuristic algorithm,1
cellulose hydrolysis,1
rheumatoid arthritis,1
tissue regeneration,1
artificial,1
biomaterial,1
bone,1
calcium carbonate,1
manufacturing,1
materials in biotechnology,1
natural resources,1
pharmaceutical manufacturing,1
biological waste treatment,1
swelling capacity,1
etching effect,1
nitrogen plasma,1
plasma treatment,1
stochastic frontier analysis,1
technical efficiency,1
coconut milk,1
deep-frying,1
fatty acid composition,1
preparation,1
processed food,1
saturated fat,1
street food,1
trans fat,1
complementary and alternative medicine,1
fiber,1
grain,1
pain,1
risk factors,1
psychological distress,1
prevalence,1
mental health,1
soil,1
soilless,1
bio-based material,1
meta-regression analysis,1
data envelopment analysis,1
social support,1
biomedical applications,1
alternatives,1
biotechnology,1
compound,1
nutrients,1
"2,2,6,6-tetramethylpiperidine-1-oxyl radical",1
cellulose solubility,1
dissolution,1
medical,1
bioengineering,1
biomolecules,1
postpartum depression,1
chemical mixture,1
perlite,1
precool method,1
regenerated cellulose,1
essential amino acids,1
health risk,1
childbearing,1
intervention,1
maternal health,1
realistic geometry model,1
steaming,1
phytochemical compounds,1
unbleached cellulose,1
oral administration,1
immuno-modulation,1
hpv clearance,1
gastrointestinal symptoms,1
deposition,1
electrolyte engineering,1
flow battery,1
manganese,1
reversibility,1
kapok,1
multiple acid hydrolysis,1
nanocrystalline cellulose,1
non-woody biomass,1
reaction optimisation,1
biomass alteration,1
correlation model,1
crystallinity index,1
instrumental analysis,1
crosslinked polymer,1
cross-linking and nanoparticle,1
cellulose hydrogel,1
anti-candida,1
sprague-dawley rat,1
skin,1
respiratory symptoms,1
stress resistance,1
potential treatment,1
bifidobacterium longum subsp. infantis b8762,1
gut health,1
pediatrics,1
respiratory illness,1
bifidobacterium longum subsp. infantis ylgb-1496,1
immunological effects,1
randomized controlled trial,1
gut-brain-axis,1
dairy-based lactic acid bacteria (lab),1
immunity,1
women,1
bifidobacterium lactis probio-m8,1
respiratory tract infections,1
species-level genome bins,1
bacillusspp,1
staphylococcusspp,1
constipation,1
dairy foods,1
dermal drug delivery,1
antimicrobial activity,1
sensory characteristics,1
cervical cancer cells,1
cassava starch,1
lemon peel fiber,1
filler,1
composites,1
magnesium,1
urban geography and urbanism,1
vaginal infections,1
thermal energy-efficient systems,1
sustainable energy technologies,1
microbiota,1
animal,1
pediococcus,1
starter,1
antifungal activities,1
metabolomic analysis,1
pangenome,1
pediococcus pentosaceus,1
lactobacilli probiotics,1
vaginal microenvironment,1
annatto powder,1
pumpkin powder,1
sustainable development goals (sdgs),1
circular economy principles,1
nanocellulose banana,1
boric acid,1
probiotic properties,1
b. infantis,1
gut-vaginal axis,1
stacking,1
pregnant women,1
microbial community composition,1
biodiesel production,1
antibiotic-resistant bacteria,1
supercritical co2 sterilization,1
prolonged water immersion treatment,1
industrial applications,1
toughness enhancement,1
uncaria gambir extract,1
roselle fiber,1
κ-carrageenan,1
black soy sauce residue,1
cocoa pod husk (cph) fibers,1
dragon fruit root (dfr) fibers,1
polylactic acid matrix,1
properties,1
chemical treatment,1
green product,1
physical treatment,1
cow dung compost,1
empty fruit bunch fiber,1
heat flux,1
wastes,1
morphological analysis,1
fiberglass,1
fiber orientation,1
renewable pulping,1
sustainable papermaking,1
hybrid modelling techniques,1
predictive analytics,1
quantile regression,1
transboundary haze,1
flocculation index,1
flocs,1
intensified microbubbles,1
breeding waste compost,1
mineral elements,1
biogas application,1
biogas purification,1
antioxidant capacity,1
endogenous hormones,1
therapeutics,1
in vivo,1
healing agent,1
omics,1
isomers,1
algae,1
sandwich composite,1
molecular networking,1
commodity crop,1
phytocompound,1
bioflavonoids,1
polymeric hydrogel,1
macroporous resin,1
quality control,1
toxicity test,1
standardization,1
flavonoid c-glycosides enriched extract,1
nanoemulgel,1
oil palm (elaeis guineensis jacq.) leaf,1
andrographis paniculata,1
andrographolide,1
behavioural test,1
chronic unpredictable stress,1
cortisol analysis,1
far-red light,1
duck dung compost,1
chemical risk,1
goose dung compost,1
papain,1
impact resistance,1
kevlar,1
pineapple leaf fiber,1
bamboo-based composites,1
fibre,1
materials application,1
barrier properties,1
deep eutectic solvent,1
magnetic graphene oxide,1
magnetic nanoparticles (mnps),1
particles distribution behaviour,1
plate resistance,1
vibration-induced electrodes,1
construction and demolition waste,1
reduce,1
sustainable,1
swot,1
hybrid nanocomposites,1
metal oxide nanoparticles,1
sodium carboxymethyl nanocellulose,1
ultrasonic vibration bath,1
vacuum filtration,1
thin,1
anti-uv,1
peat addition,1
solid organic wastes,1
catalytic co-pyrolysis,1
industrial solid waste,1
industrial papermaking,1
textile waste,1
starch biocomposite films,1
military applications,1
organic acids,1
indonesian bay leaf,1
microwave,1
pva blend-film,1
red light absorption,1
chemical treatments,1
lignocellulosic fibre,1
pineapple leaf,1
thermosetting and thermoplastic,1
dry,1
flat,1
heating press,1
green packaging,1
chemical health risk assessment,1
disposable food packaging,1
calophyllum lanigerum,1
apoptotis,1
autodock 4.2,1
bcl-2,1
stilbene,1
ortho-carboxamidostilbene,1
endiandra kingiana,1
endiandric acid,1
kingianin,1
porous β-tcp scaffolds,1
tricalcium phosphate,1
anti-hyperglycemic,1
isoxazole,1
molecular modelling,1
quinoxaline,1
diabetic,1
enrichment,1
non-diabetic,1
acacia mangium wood,1
adsorption capacity,1
bromocresol green dye,1
chromanone acids,1
antiapoptotic,1
admet,1
xanthones,1
microbiological safety,1
single-use,1
smart food packaging,1
cell integrity,1
hazardous waste,1
paederia foetida stem fibers,1
iron–aluminum composite coagulant,1
red mud,1
secondary pollution,1
blueberries,1
postharvest treatment,1
edamame husk waste,1
thymol,1
complementary medicine,1
hyperglycaemia,1
hyperlipidaemia,1
hypertension,1
sacha inchi,1
microalgal harvest,1
bioresource-based products,1
thermal analysis,1
isotherms,1
chromanone,1
socioecological conflicts,1
pretreatment,1
mass spectrometry,1
marine macroalgae,1
production technology,1
beef tallow,1
lipid extraction,1
ni/al-sba-15,1
ni/ga-sba-15,1
alternative material source,1
beta-carotene bio-oil,1
bio-asphalt,1
coatability,1
low-carbon material,1
chlorella sp,1
green solvent,1
pufa,1
empty fruit bunches,1
sun protection factor,1
tyrosinase inhibitory activity,1
jaffna peninsula,1
multidimensional vulnerabilities,1
reflexive thematic analysis,1
kinetics,1
natural deep eutectic solvents,1
cytotoxicity •,1
antihyperglycemia,1
thermogravimetric analysis,1
cleome gynandra,1
natural product,1
pore size,1
porous β-tcp granules,1
calophyllum andersonii,1
calophyllum recurvatum,1
coumarins,1
low crystallinity,1
docking,1
calophyllum,1
drug-likeness,1
para-carboxamidostilbene,1
corrosion inhibitor,1
electrochemical,1
osteoblast cells,1
bone remodeling,1
anti-hyperglycaemia,1
indole alkaloid,1
anti-bacillus,1
naltrexone,1
succinic acid (sua),1
sustained release,1
mango,1
surface roughness,1
proton exchange membrane,1
sulfonated polysulfone,1
capturing,1
colloidal,1
film-based technology,1
animal-based composite,1
arthropods,1
cellar spider,1
fungicide,1
cellulose nano crystal,1
polylactic acid,1
mixed matrix membrane,1
esd,1
mathematical communication skills,1
problem-based learning,1
sdgs (no-poverty),1
sedekah,1
economic sustainability,1
integrated crop livestock,1
oil palm livestock system,1
oregano essential oil,1
beetroot phytochemicals,1
greenhouse gas emission,1
fruit rot disease,1
climate change mitigation,1
blue carbon,1
south china sea,1
peninsular malaysia,1
mutagenesis,1
natural rubber latex band,1
sustainable large-scale production,1
microplastic removal,1
surfaces,1
environmental footprint,1
environmental impacts,1
biosorbent,1
heavy metal,1
academic performance,1
learning environment,1
drying techniques,1
mapping,1
multiple correspondence analysis,1
curvularia sp,1
beetroot powder,1
fruit quality,1
social sustainability,1
abundance,1
conservation,1
leaf litter weight,1
mapping knowledge domains,1
environmental education,1
circular arcs,1
science curriculum,1
palm oil waste management,1
alkaline cellulase,1
video camera,1
urban air quality,1
source apportionment,1
prediction model,1
mwcnt,1
shariah perspective of taxes,1
non-covalent functionalization,1
p3ht,1
sensor,1
structural,1
glass,1
environmental tax ethics,1
environmental protection,1
phytoplankton influence,1
photosynthetically active radiation,1
robot simtion,1
burkholderia metallica,1
emission rate,1
morphological study,1
soil biodiversity,1
soil compaction,1
weight,1
perspective transformation,1
"economic valuation, threats",1
anthracnose,1
meta-analysis,1
logistic growth model,1
alkaliphilic cellulolytic fungi,1
marine microplastics,1
landfill gas,1
coastal waters,1
monte carlo,1
synthesis nanoparticles,1
hydrolysate,1
medium optimization,1
palm kernel cake,1
plackett-burman design,1
methane,1
landgem,1
seagrass ecosystems,1
sustainable environments,1
bioproducts,1
prospective applications,1
modification,1
fe-co–cu,1
pome,1
calorific value,1
caryota urens oil,1
fatty acids diagnostic ratio,1
photo catalyst,1
waste recovery,1
used oil,1
clostridium and e. coli,1
hydrogenases,1
influencing factors,1
biochar applications,1
structural characterization,1
anammox,1
microbial community,1
nitrogen removal,1
partial nitrification,1
salinity,1
biochar hazard,1
contaminants,1
benzo(a)pyrene,1
environmental applications,1
smart grid integration,1
ammonia toxicity,1
dye removal,1
fungal inhibition,1
refined bleached deodorised palm oil,1
gas chromatography-flame ionisation detector,1
fly ash,1
tropical soil chemistry,1
co-solvency,1
caryota urens oil methyl ethyl esters,1
response surface method (rsm),1
natural iron,1
policy and regulation,1
sub-thermophilic,1
swine manure,1
total solids content,1
artificial intelligence (ai),1
phenanthrene,1
palm mesocarp fiber,1
energy optimisation,1
grid resilience,1
hydrogen energy,1
future insight,1
extraction methods,1
diatom,1
biological activities,1
napier grass,1
rice starch,1
poultry waste,1
size reduction,1
synergistic ratio,1
ultrasonic pretreatment,1
biohydrogen,1
column chromatography,1
heterocytous,1
sem,1
san/abs/pc,1
light transmittance,1
copper,1
mixed matric membrane,1
rainfall,1
abe fermentation,1
adaptive laboratory evolution,1
natural disasters,1
meteorological parameters,1
land use land cover,1
sustainable bioindustries,1
salt-gelatinization,1
microgels,1
texture modified food,1
biomethane production,1
mixed matrix hollow fiber membrane,1
iron oxide nanoparticle,1
bio-oil yield,1
energy sustainability,1
microwave pyrolysis,1
tremella polysaccharides,1
lipase,1
cacl2,1
biochemical pathways,1
refined bleached deodorized palm oil,1
fish gelatine,1
nir,1
thickeners,1
texture-modified chicken rendang,1
sensory study,1
elderly,1
texture-modified food,1
texture profile analysis,1
microbial transglutaminase enzymes,1
gel microparticles,1
ocean upper-layers,1
polymer matrix composites,1
ocean surface albedo,1
beach sediments,1
α-glucosidase inhibition,1
thorium extraction,1
bauxite mining,1
trans-10-hydroxy-2-decanoic acid,1
sebacic acid,1
royal jelly,1
health functionalities,1
10-hydroxydecanoic acid,1
complex coacervation,1
animal-based proteins,1
white tea,1
sweet osmanthus,1
product development,1
orthogonal test,1
in vitro antioxidant,1
functional beverage,1
preservation,1
meat,1
structure properties,1
casein,1
protein alteration,1
histamine,1
gamification,1
simulated gastrointestinal condition,1
sea cucumber,1
and sustainable management,1
vegetable oil,1
functional coatings,1
delivery vehicles,1
biopolymer based delivery,1
sustainable management,1
pumpkin,1
shrimp,1
neurotransmitter,1
spawning behaviour,1
6ds gamification framework,1
stichopus fusiformiossa,1
black tea,1
hazard index,1
environmental issues,1
hazard quotient,1
tyramine,1
5-hydroxymethylfurfural,1
advanced glycation end products,1
sulfated polysaccharide,1
coconut oil,1
tidal zones,1
u–pb zircon dating,1
and numerical modelling,1
orthogonal array design,1
magnetic nanoparticle,1
oyster shell,1
polypyrrole,1
frying oils,1
ginkgo biloba leaves flavonoids,1
clothoid curved,1
wetland,1
gc×gc,1
lc-ms/ms,1
clothoid,1
urbanization,1
herbicide,1
weeding management,1
hydroxypropylation,1
differential drive robot,1
corn starch,1
crassostrea belcheri,1
crassostrea iredalei,1
dllme,1
path tracking,1
cattle grazing,1
biogenic caco3,1
neonicotinoid pesticides,1
principal factor analysis,1
hydrogeochemical models,1
hydrological and water quality models,1
water–rock interactions,1
fractal,1
anthropogenic activities,1
souss-massa mountainous basin,1
cluster analysis,1
groundwater pollution,1
heavy metal concentrations,1
white rice,1
life cycle assessment,1
retrogradation,1
cooking oil treatment,1
and pearson correlation coefficient,1
quechers,1
halal ecosystem,1
robot simulation,1
motion path analysis,1
best sustainable practice,1
oyster,1
flame retardant,1
metapsammite,1
clearness index,1
gamma,1
surface selective dissolution,1
mature oil palm tree,1
image annotation,1
tropical peat,1
soil co2 emissions,1
peat subsidence,1
heterotrophic respiration,1
shariah perspective of zakat,1
organic ligands,1
sensors,1
surface functionalization,1
thermochemical technology,1
bamboo fiber,1
eco-friendly materials,1
future prospects,1
gmwl,1
market value,1
bamboo-based materials,1
amount effect,1
iron retention,1
life cycle assessment (lca),1
self-reinforced composite,1
tree crown size,1
young oil palm tree,1
closed chamber,1
monsoon variability,1
atmospheric co2 concentration,1
atmosphere–ocean interaction,1
sensible heat,1
latent heat,1
remote sensing,1
inelastic neutron scattering,1
metal organic semiconductor,1
sludge treatment,1
surface fluxes,1
air–sea interaction,1
enso,1
carbon dioxide,1
2d,1
body parts,1
dataset,1
human pose estimation,1
all-cellulose composite,1
interfaceless,1
annual variations,1
cost,1
k-fold cross-validation,1
metagranite,1
principal component analysis,1
mxene,1
reduced graphene oxide,1
binder,1
composite matrix,1
fuel briquette,1
stable isotope,1
precipitation,1
root and tuber based starches,1
mmwl,1
metal,1
protected area,1
biocompatible adsorbent,1
land use/land cover (lulc),1
food matrix,1
lipid-based delivery,1
uv curable system,1
plasticizer,1
hybrid material,1
geochemistry,1
late cretaceous-paleocene,1
luk ulo complex,1
mwcnts,1
coral-affecting physicochemical factors,1
ecosystem services,1
gnip,1
support vector machine,1
forecaster model,1
land use,1
marine water quality,1
safe water access,1
water ecosystem,1
neural network,1
materials processing,1
hydrochar,1
lmwl,1
magnetite,1
reefs,1
volatile organic compounds,1
live hard coral coverage,1
banana,1
finite element analysis,1
wood modification,1
wood resin impregnation,1
films,1
wheat,1
soil-plant system,1
crops productivity,1
quorum sensing,1
particulate mass,1
pnc,1
haze event,1
health risk assessment,1
particulate matters,1
d2ehpa,1
rock melon,1
prebiotics,1
pasteurisation,1
vitamin c,1
occurrence,1
stiffness,1
detection,1
acidified chlorite,1
pyrene,1
iron based catalyst,1
hematite,1
morphological properties,1
structural properties,1
stacking sequence,1
totally chlorine free,1
bast fiber,1
peatland fires,1
dl-pcbs,1
water pollution,1
dioxins,1
one health,1
cow’s milk allergy,1
trace elements,1
pasteurization,1
physicochemical quality,1
heavy metals removal,1
biofertilizers,1
transport rate,1
strip dispersion,1
kaffir lime,1
personalization,1
functional constipation,1
metabolite,1
functional food industries,1
fermented okara,1
growth profile,1
cell viability,1
compositing,1
factor,1
food wastes,1
volatile fatty acid,1
palm shell lignin,1
anaerobic digestate,1
biogas power plant,1
hydrothermal carbonization,1
taguchi orthogonal array,1
superoxide dismutase (sod),1
compatibilization,1
halochromic polymers,1
ph-responsive materials,1
red dragon fruit,1
sugarcane vinasse,1
anti-acne agent,1
cutibacterium acnes,1
ozone,1
theil-sen’s,1
ionic-liquid,1
cot,1
innovative trend analysis,1
exopolysaccharides,1
o3 column,1
sza,1
health effects,1
mann kendall,1
"mann-kendal, sen’s slope estimator",1
air temperature,1
non-woven polypropylene,1
eco-composite,1
disposable face masks,1
drugs,1
sustainable agriculture,1
hybrid photocatalytic sequencing batch biofilm reactor,1
kinetics study,1
phytotoxicity assessment,1
fiber reinforcement,1
ul-94,1
pla/pbat blends,1
sources,1
depression,1
functional enrichment analysis,1
bamboo fibres,1
herbal medicines,1
terpenoids,1
triterpenoid saponins,1
and formaldehyde-free,1
bamboo particleboard,1
bio-based adhesives,1
citric acid,1
nelumbo nucifera starch,1
tetraselmis chuii,1
proteolytic activity,1
hyperaccumulators,1
contaminated soil,1
3-keto carbofuran,1
plant-based food,1
absorbable,1
guided bone regeneration (gbr),1
guided tissue regeneration (gtr),1
apoptosis,1
cisplatin,1
doxorubicin,1
etoposide,1
gemcitabine,1
necroptosis,1
paclitaxel,1
pyroptosis,1
fate,1
metabolic pathways,1
usage,1
carbamates,1
organochlorines,1
organophosphate,1
pesticide transport,1
pyrethroid,1
southeast asian,1
gaba,1
green-labelled ingredient,1
glucono-delta-lactone,1
rehydration kinetics,1
gamma aminobutyric acid,1
anomaly detection,1
edible bird’s nest (ebn),1
impurity segmentation,1
intensity inhomogeneity (iih),1
β-variational autoencoder (β-vae),1
glucono-delta-lactone (gdl),1
oat rice,1
quick-cooking cereals,1
texture profile analysis (tpa),1
acidification,1
natural preservatives,1
protein extraction,1
shrimp preservation,1
total viable count,1
cheese,1
mozzarella cheese,1
affinity ultrafiltration,1
black soybean,1
isoflavone,1
risk assessment,1
carbofuran-phenol,1
isotherm modeling,1
paddy water,1
3d printing technology,1
bioinks,1
cancer treatment,1
cell death,1
cuproptosis,1
ferroptosis,1
skin-tissue,1
iaq,1
eco-cities design and planning,1
chemical evaluation,1
diatoms,1
pharnaceuticals,1
seaweeds,1
fruit juices,1
comprehensive strength,1
delayed ettringite formation,1
sulphate reduction,1
waste concrete aggregate,1
phytovolatilization,1
cosmetics,1
rhizofiltration,1
subcellular structures,1
scaffolds,1
mimicking organs,1
nanofertilizers,1
photodegradation,1
bioaugmentation,1
5-fluorouracil,1
tumor cells,1
controlled delivery,1
anticancer drugs,1
non-absorbable,1
gene delivery,1
nano-antimicrobials,1
nanofungicides,1
architectures,1
dysbiosis,1
microbiome,1
microbiome-based interventions,1
3-d bioprinting,1
bioink-dna interaction,1
human-dermal fibroblast,1
waste reduction,1
nicotinamide,1
date palm,1
kerala,1
wound-healing phases,1
merra-2,1
surface hydrophilicity,1
solid oxide fuel cell,1
net energy potential (nep),1
additives concentrations,1
anaerobic co-digestion,1
lithiated cathode materials,1
processing,1
waste cockle shell,1
industrial and innovation,1
technoeconomic analysis,1
halal executive,1
halal industry,1
ir4,1
collagen yield,1
marine source,1
power density,1
radiation induced graft copolymerization,1
optimization process,1
pepsin-aided extraction,1
solid oxide fuel cells,1
polyimide,1
membrane surface modification,1
symmetrical cell,1
membrane reactor,1
energy recovery,1
lead adsorption studies,1
feed,1
insects,1
bpa,1
pre-treatment,1
solar bioreactor,1
physical vapor deposition,1
reactive sputtering,1
sputtering technique,1
lead removal,1
adaptive neuro-fuzzy inference system,1
alternative energy,1
boosted regression trees,1
cross-flow ultrafiltration,1
dual-layer hollow fibre membrane,1
visible light,1
photocatalytic activity,1
dual-layer hollow fiber membrane,1
grid partitioning,1
xylitol,1
xylose reductase,1
electron beam,1
iron oxide,1
oxygen reduction reaction (orr),1
hemodialysis membrane,1
thrombin-like enzymes,1
morphological structure evaluation,1
thermal compatibility,1
optimized collagen,1
tropical marine species,1
sustainable energy source,1
air gap,1
dope extrusion rate,1
(non)linear regression,1
persulfate activation,1
natural catalysis,1
benzo[a]pyrene removal,1
reduced reaction time,1
bio-electrochemical systems,1
bioreactors,1
ghg reduction,1
fe–co–zn,1
fe–ni–zn,1
soil remediation techniques,1
tmnps characterisation,1
metal ions,1
plant latex proteases,1
hemostatic activity,1
lysinibacillus sp. lc 556247,1
biobr,1
antifouling property,1
α-mangostin,1
silica nanoparticle,1
protein-bound uremic toxin,1
methyl methacrylate,1
core competencies,1
social science,1
computational social science,1
carbon neutrality,1
ciprofloxacin,1
polyhydroxyalkanoates,1
photofunctional materials,1
pomes,1
toxin removal,1
biorefinery,1
biovalorization,1
chromatographic,1
membrane technology,1
artificial kidney,1
thermal expansion coefficient,1
drying,1
microbial fuel cells (mfcs),1
pettitt,1
a. platensis,1
refrigerated beef,1
corn steep liquor,1
spatial pattern,1
bio-preservative,1
antimicrobial powder,1
wound matrix,1
cell-free supernatant,1
infoval,1
landslide,1
conventional wound dressing,1
active wound dressing,1
yeast extract,1
total soluble solids,1
enzymolysis,1
tannin,1
physiochemical parameters,1
submerged fermentation,1
cell wall,1
mangrove,1
postbiotics,1
hyaluronic acid‐silver nanoparticle,1
quinoa proteins,1
sodium bisulfite,1
extreme rainfall,1
glutaric acid (gla),1
rate of change,1
theil-sen,1
disaster informed,1
hotspots,1
uv index,1
lactic acid bacteria (lab),1
health hazards,1
cloud optical thickness,1
preservative,1
azelaic acid (aza),1
beef,1
refrigerated storage,1
makeup,1
foundation,1
efficacy formula,1
peg grafted porous glass beads,1
erosional dynamics,1
anti-ageing,1
tea infusions,1
fresh white salted noodles,1
antimicrobe,1
polyethene glycol,1
electrocatalysts,1
partial purification,1
staphylococcus aureus,1
terpenes delivery system,1
bioactive compounds,1
endophytes,1
nigrospora species,1
skin layers,1
anaerobic digestion (ad),1
biogas production,1
tropical soil,1
photocatalytic degradation,1
artificial neural network,1
mixed substrates,1
photocatalyst deposition,1
magnetron sputtering,1
co-sputtering,1
yttrium,1
humic acid,1
particle swarm optimization,1
photocatalytic membrane,1
caffeine,1
electricity production,1
multidrug-resistant (mdr) bacteria,1
efflux pump inhibitors,1
antibiofilm,1
nostocales,1
carboxymethyl cellulase,1
bacillus licheniformis 2d55,1
plant-based fermentation,1
lactiplantibacillus plantarum k014,1
in-vitro,1
copper tannate,1
antifouling,1
swietenia macrophylla king,1
susceptibility,1
polyphasic characterization,1
greenhouse gases (ghgs),1
subaerophytic,1
tropical cyanobacteria,1
agro-wastes,1
aspergillus niger hfm 8,1
pomelo peels,1
ssf,1
agrochemical,1
antibiotic resistance genes (args),1
environmental pollutions,1
tropical variability,1
